GameSeed,GameName,Round,Event,Tick,Turn,PlayerCount,GameID,FinalScore(PlayerName-0),FinalScore(Player-1),FinalScore(Player-0),FinalScore(PlayerName-1),ColumnPieceCount(0),ColumnPieceCount(11),ColumnPieceCount(1),ColumnPieceCount(2),ColumnPieceCount(3),ColumnPieceCount(4),ColumnPieceCount(5),ColumnPieceCount(6),ColumnPieceCount(7),ColumnPieceCount(8),ColumnPieceCount(9),ColumnPieceCount(10)
2146420036,Connect4,7,GAME_OVER,16,1,2,1505,OSLA,1.0,-1.0,OSLA,2,0,1,1,1,3,2,3,3,0,0,0
543675220,Connect4,4,GAME_OVER,10,1,2,1506,OSLA,1.0,-1.0,OSLA,0,0,0,0,4,4,0,1,1,0,0,0
-1104797416,Connect4,5,GAME_OVER,11,0,2,1507,OSLA,-1.0,1.0,OSLA,1,0,2,1,1,1,3,0,2,0,0,0
-2122888236,Connect4,7,GAME_OVER,15,0,2,1508,OSLA,-1.0,1.0,OSLA,5,0,1,2,3,3,0,0,1,0,0,0
411797902,Connect4,10,GAME_OVER,21,0,2,1509,OSLA,-1.0,1.0,OSLA,3,0,3,5,4,2,1,0,3,0,0,0
-260340557,Connect4,8,GAME_OVER,17,0,2,1510,OSLA,-1.0,1.0,OSLA,5,0,0,1,1,3,2,2,3,0,0,0
-2002258810,Connect4,3,GAME_OVER,8,1,2,1511,OSLA,1.0,-1.0,OSLA,1,0,1,1,1,1,2,1,0,0,0,0
-1736482663,Connect4,8,GAME_OVER,17,0,2,1512,OSLA,-1.0,1.0,OSLA,3,0,2,2,2,1,3,2,2,0,0,0
-1406371633,Connect4,9,GAME_OVER,19,0,2,1513,OSLA,-1.0,1.0,OSLA,3,0,1,5,3,1,1,2,3,0,0,0
1385045777,Connect4,4,GAME_OVER,10,1,2,1514,OSLA,1.0,-1.0,OSLA,1,0,2,3,1,1,1,0,1,0,0,0
-221288584,Connect4,4,GAME_OVER,9,0,2,1515,OSLA,-1.0,1.0,OSLA,0,0,1,1,2,1,1,1,2,0,0,0
-2050393553,Connect4,3,GAME_OVER,7,0,2,1516,OSLA,-1.0,1.0,OSLA,2,0,1,1,1,1,0,0,1,0,0,0
1871450781,Connect4,5,GAME_OVER,11,0,2,1517,OSLA,-1.0,1.0,OSLA,1,0,2,3,1,1,2,0,1,0,0,0
149955400,Connect4,9,GAME_OVER,20,1,2,1518,OSLA,1.0,-1.0,OSLA,6,0,0,4,1,4,1,2,2,0,0,0
283844994,Connect4,5,GAME_OVER,12,1,2,1519,OSLA,1.0,-1.0,OSLA,1,0,1,0,5,1,2,1,1,0,0,0
227697819,Connect4,4,GAME_OVER,10,1,2,1520,OSLA,1.0,-1.0,OSLA,1,0,0,1,0,4,3,0,1,0,0,0
112351290,Connect4,6,GAME_OVER,13,0,2,1521,OSLA,-1.0,1.0,OSLA,1,0,2,4,1,1,1,2,1,0,0,0
-1425746208,Connect4,7,GAME_OVER,15,0,2,1522,OSLA,-1.0,1.0,OSLA,2,0,5,1,2,3,1,0,1,0,0,0
-706361041,Connect4,3,GAME_OVER,7,0,2,1523,OSLA,-1.0,1.0,OSLA,0,0,1,0,0,4,1,0,1,0,0,0
2012251409,Connect4,7,GAME_OVER,15,0,2,1524,OSLA,-1.0,1.0,OSLA,1,0,1,1,6,1,1,3,1,0,0,0
-1515155140,Connect4,3,GAME_OVER,7,0,2,1525,OSLA,-1.0,1.0,OSLA,0,0,1,1,0,1,1,1,2,0,0,0
-526166552,Connect4,10,GAME_OVER,21,0,2,1526,OSLA,-1.0,1.0,OSLA,2,0,2,1,1,0,5,4,6,0,0,0
-653323449,Connect4,3,GAME_OVER,7,0,2,1527,OSLA,-1.0,1.0,OSLA,0,0,3,1,1,1,0,0,1,0,0,0
1976988142,Connect4,8,GAME_OVER,17,0,2,1528,OSLA,-1.0,1.0,OSLA,1,0,2,3,2,2,4,2,1,0,0,0
-1808714128,Connect4,5,GAME_OVER,12,1,2,1529,OSLA,1.0,-1.0,OSLA,3,0,2,0,1,1,1,2,2,0,0,0
-174690807,Connect4,8,GAME_OVER,18,1,2,1530,OSLA,1.0,-1.0,OSLA,1,0,1,1,2,4,4,4,1,0,0,0
1355809364,Connect4,5,GAME_OVER,12,1,2,1531,OSLA,1.0,-1.0,OSLA,0,0,3,0,1,2,2,4,0,0,0,0
-695036437,Connect4,6,GAME_OVER,13,0,2,1532,OSLA,-1.0,1.0,OSLA,1,0,1,2,2,1,1,1,4,0,0,0
-1386141956,Connect4,3,GAME_OVER,8,1,2,1533,OSLA,1.0,-1.0,OSLA,0,0,0,1,3,1,1,1,1,0,0,0
181835479,Connect4,9,GAME_OVER,19,0,2,1534,OSLA,-1.0,1.0,OSLA,4,0,3,2,0,1,0,5,4,0,0,0
-488301981,Connect4,6,GAME_OVER,13,0,2,1535,OSLA,-1.0,1.0,OSLA,1,0,4,1,1,2,1,1,2,0,0,0
734614159,Connect4,11,GAME_OVER,23,0,2,1536,OSLA,-1.0,1.0,OSLA,3,0,0,4,4,3,5,2,2,0,0,0
1196723139,Connect4,11,GAME_OVER,24,1,2,1537,OSLA,1.0,-1.0,OSLA,2,0,5,3,1,4,4,4,1,0,0,0
-1728406678,Connect4,5,GAME_OVER,11,0,2,1538,OSLA,-1.0,1.0,OSLA,1,0,2,1,1,1,2,1,2,0,0,0
320965895,Connect4,7,GAME_OVER,16,1,2,1539,OSLA,1.0,-1.0,OSLA,0,0,0,3,2,3,1,1,6,0,0,0
1472878053,Connect4,10,GAME_OVER,21,0,2,1540,OSLA,-1.0,1.0,OSLA,4,0,4,1,0,1,3,2,6,0,0,0
-1840509684,Connect4,11,GAME_OVER,23,0,2,1541,OSLA,-1.0,1.0,OSLA,1,0,2,3,3,4,1,2,7,0,0,0
-636434131,Connect4,3,GAME_OVER,7,0,2,1542,OSLA,-1.0,1.0,OSLA,0,0,2,2,1,1,0,1,0,0,0,0
2020254114,Connect4,5,GAME_OVER,11,0,2,1543,OSLA,-1.0,1.0,OSLA,0,0,2,1,4,2,2,0,0,0,0,0
318314351,Connect4,6,GAME_OVER,14,1,2,1544,OSLA,1.0,-1.0,OSLA,0,0,2,0,2,2,3,5,0,0,0,0
258293349,Connect4,6,GAME_OVER,13,0,2,1545,OSLA,-1.0,1.0,OSLA,2,0,0,4,1,0,0,2,4,0,0,0
31176693,Connect4,7,GAME_OVER,15,0,2,1546,OSLA,-1.0,1.0,OSLA,2,0,2,4,2,1,1,1,2,0,0,0
348839399,Connect4,6,GAME_OVER,13,0,2,1547,OSLA,-1.0,1.0,OSLA,1,0,2,1,2,1,3,2,1,0,0,0
1946923098,Connect4,9,GAME_OVER,19,0,2,1548,OSLA,-1.0,1.0,OSLA,2,0,3,3,3,2,2,2,2,0,0,0
1904960709,Connect4,7,GAME_OVER,15,0,2,1549,OSLA,-1.0,1.0,OSLA,1,0,1,1,2,5,4,1,0,0,0,0
931856213,Connect4,7,GAME_OVER,16,1,2,1550,OSLA,1.0,-1.0,OSLA,3,0,1,1,5,2,2,2,0,0,0,0
-1653558630,Connect4,3,GAME_OVER,7,0,2,1551,OSLA,-1.0,1.0,OSLA,1,0,1,1,1,1,1,0,1,0,0,0
-1553825038,Connect4,4,GAME_OVER,9,0,2,1552,OSLA,-1.0,1.0,OSLA,2,0,1,1,1,0,3,1,0,0,0,0
-1322517776,Connect4,9,GAME_OVER,19,0,2,1553,OSLA,-1.0,1.0,OSLA,2,0,3,1,3,2,4,2,2,0,0,0
-323392208,Connect4,6,GAME_OVER,14,1,2,1554,OSLA,1.0,-1.0,OSLA,2,0,2,1,1,2,1,4,1,0,0,0
-1838894950,Connect4,3,GAME_OVER,7,0,2,1555,OSLA,-1.0,1.0,OSLA,0,0,0,1,0,2,1,2,1,0,0,0
-17930921,Connect4,7,GAME_OVER,15,0,2,1556,OSLA,-1.0,1.0,OSLA,1,0,4,1,2,0,2,3,2,0,0,0
-1786472417,Connect4,8,GAME_OVER,17,0,2,1557,OSLA,-1.0,1.0,OSLA,2,0,0,2,2,6,2,0,3,0,0,0
671060366,Connect4,10,GAME_OVER,22,1,2,1558,OSLA,1.0,-1.0,OSLA,4,0,1,0,1,2,2,6,6,0,0,0
1744800289,Connect4,8,GAME_OVER,17,0,2,1559,OSLA,-1.0,1.0,OSLA,4,0,3,3,0,1,1,3,2,0,0,0
-381533327,Connect4,3,GAME_OVER,8,1,2,1560,OSLA,1.0,-1.0,OSLA,0,0,2,4,0,0,1,1,0,0,0,0
-1684661025,Connect4,3,GAME_OVER,7,0,2,1561,OSLA,-1.0,1.0,OSLA,1,0,1,1,1,1,1,0,1,0,0,0
1862448051,Connect4,5,GAME_OVER,12,1,2,1562,OSLA,1.0,-1.0,OSLA,1,0,2,1,2,1,3,1,1,0,0,0
-437754807,Connect4,5,GAME_OVER,12,1,2,1563,OSLA,1.0,-1.0,OSLA,0,0,2,0,3,1,1,4,1,0,0,0
1455975456,Connect4,7,GAME_OVER,16,1,2,1564,OSLA,1.0,-1.0,OSLA,2,0,0,5,1,2,0,5,1,0,0,0
1025722937,Connect4,6,GAME_OVER,14,1,2,1565,OSLA,1.0,-1.0,OSLA,3,0,2,2,2,2,1,2,0,0,0,0
1238729837,Connect4,4,GAME_OVER,9,0,2,1566,OSLA,-1.0,1.0,OSLA,0,0,3,3,1,1,0,1,0,0,0,0
887635153,Connect4,3,GAME_OVER,7,0,2,1567,OSLA,-1.0,1.0,OSLA,0,0,4,1,0,1,0,1,0,0,0,0
1726152120,Connect4,4,GAME_OVER,9,0,2,1568,OSLA,-1.0,1.0,OSLA,1,0,1,0,2,1,1,1,2,0,0,0
-673241326,Connect4,3,GAME_OVER,7,0,2,1569,OSLA,-1.0,1.0,OSLA,0,0,3,1,1,1,0,1,0,0,0,0
-1862196818,Connect4,4,GAME_OVER,9,0,2,1570,OSLA,-1.0,1.0,OSLA,4,0,1,0,0,1,1,0,2,0,0,0
-697866207,Connect4,4,GAME_OVER,10,1,2,1571,OSLA,1.0,-1.0,OSLA,1,0,2,1,1,1,1,2,1,0,0,0
658646444,Connect4,4,GAME_OVER,9,0,2,1572,OSLA,-1.0,1.0,OSLA,0,0,1,0,1,4,2,0,1,0,0,0
676452309,Connect4,9,GAME_OVER,20,1,2,1573,OSLA,1.0,-1.0,OSLA,2,0,2,3,3,2,3,0,5,0,0,0
1575108441,Connect4,7,GAME_OVER,16,1,2,1574,OSLA,1.0,-1.0,OSLA,0,0,3,3,4,1,1,2,2,0,0,0
708209547,Connect4,10,GAME_OVER,22,1,2,1575,OSLA,1.0,-1.0,OSLA,1,0,3,5,4,1,1,2,5,0,0,0
758261640,Connect4,6,GAME_OVER,14,1,2,1576,OSLA,1.0,-1.0,OSLA,4,0,0,0,1,0,2,4,3,0,0,0
-1421816754,Connect4,3,GAME_OVER,7,0,2,1577,OSLA,-1.0,1.0,OSLA,1,0,1,1,1,0,1,2,0,0,0,0
594512224,Connect4,7,GAME_OVER,16,1,2,1578,OSLA,1.0,-1.0,OSLA,2,0,1,3,2,2,2,2,2,0,0,0
-107759661,Connect4,4,GAME_OVER,9,0,2,1579,OSLA,-1.0,1.0,OSLA,1,0,2,3,1,1,1,0,0,0,0,0
1447976740,Connect4,9,GAME_OVER,19,0,2,1580,OSLA,-1.0,1.0,OSLA,3,0,4,2,2,2,2,3,1,0,0,0
-1647220775,Connect4,5,GAME_OVER,12,1,2,1581,OSLA,1.0,-1.0,OSLA,2,0,2,2,2,1,1,1,1,0,0,0
423334670,Connect4,6,GAME_OVER,14,1,2,1582,OSLA,1.0,-1.0,OSLA,1,0,0,0,2,0,5,3,3,0,0,0
1031014384,Connect4,7,GAME_OVER,16,1,2,1583,OSLA,1.0,-1.0,OSLA,0,0,1,1,3,2,4,2,3,0,0,0
-1893354986,Connect4,4,GAME_OVER,9,0,2,1584,OSLA,-1.0,1.0,OSLA,0,0,1,1,2,3,1,0,1,0,0,0
2120976315,Connect4,5,GAME_OVER,11,0,2,1585,OSLA,-1.0,1.0,OSLA,3,0,1,0,2,1,2,1,1,0,0,0
1020651425,Connect4,4,GAME_OVER,9,0,2,1586,OSLA,-1.0,1.0,OSLA,1,0,2,1,1,3,0,1,0,0,0,0
-1976866796,Connect4,6,GAME_OVER,13,0,2,1587,OSLA,-1.0,1.0,OSLA,2,0,2,0,4,1,3,1,0,0,0,0
1982866536,Connect4,10,GAME_OVER,22,1,2,1588,OSLA,1.0,-1.0,OSLA,5,0,3,3,2,1,1,5,2,0,0,0
1087605711,Connect4,11,GAME_OVER,23,0,2,1589,OSLA,-1.0,1.0,OSLA,4,0,2,5,3,4,2,1,2,0,0,0
332664859,Connect4,7,GAME_OVER,15,0,2,1590,OSLA,-1.0,1.0,OSLA,1,0,1,0,2,6,2,2,1,0,0,0
-972566,Connect4,10,GAME_OVER,21,0,2,1591,OSLA,-1.0,1.0,OSLA,2,0,4,6,2,1,2,2,2,0,0,0
-1958968182,Connect4,7,GAME_OVER,15,0,2,1592,OSLA,-1.0,1.0,OSLA,1,0,2,1,1,2,1,5,2,0,0,0
625591652,Connect4,7,GAME_OVER,16,1,2,1593,OSLA,1.0,-1.0,OSLA,2,0,2,3,2,0,4,2,1,0,0,0
1946460761,Connect4,10,GAME_OVER,22,1,2,1594,OSLA,1.0,-1.0,OSLA,1,0,4,6,2,2,5,1,1,0,0,0
-1499905250,Connect4,5,GAME_OVER,11,0,2,1595,OSLA,-1.0,1.0,OSLA,1,0,1,2,1,0,2,2,2,0,0,0
41443977,Connect4,5,GAME_OVER,11,0,2,1596,OSLA,-1.0,1.0,OSLA,1,0,1,1,2,2,1,2,1,0,0,0
-1225297819,Connect4,10,GAME_OVER,21,0,2,1597,OSLA,-1.0,1.0,OSLA,3,0,4,2,1,2,4,3,2,0,0,0
-1529107100,Connect4,3,GAME_OVER,8,1,2,1598,OSLA,1.0,-1.0,OSLA,2,0,0,4,0,0,1,1,0,0,0,0
-947785951,Connect4,8,GAME_OVER,18,1,2,1599,OSLA,1.0,-1.0,OSLA,2,0,3,2,2,3,2,3,1,0,0,0
1705232001,Connect4,6,GAME_OVER,13,0,2,1600,OSLA,-1.0,1.0,OSLA,2,0,1,2,1,2,4,1,0,0,0,0
-1345348933,Connect4,7,GAME_OVER,15,0,2,1601,OSLA,-1.0,1.0,OSLA,3,0,1,3,3,2,1,1,1,0,0,0
2118719238,Connect4,7,GAME_OVER,16,1,2,1602,OSLA,1.0,-1.0,OSLA,0,0,2,3,3,4,2,1,1,0,0,0
1130132781,Connect4,4,GAME_OVER,10,1,2,1603,OSLA,1.0,-1.0,OSLA,4,0,2,1,1,0,0,2,0,0,0,0
-1054516656,Connect4,13,GAME_OVER,28,1,2,1604,OSLA,1.0,-1.0,OSLA,7,0,0,2,4,3,3,7,2,0,0,0
-779313682,Connect4,5,GAME_OVER,11,0,2,1605,OSLA,-1.0,1.0,OSLA,1,0,2,1,1,2,0,2,2,0,0,0
-484524384,Connect4,6,GAME_OVER,13,0,2,1606,OSLA,-1.0,1.0,OSLA,3,0,5,1,0,1,1,1,1,0,0,0
1717860743,Connect4,7,GAME_OVER,15,0,2,1607,OSLA,-1.0,1.0,OSLA,3,0,1,3,1,1,3,1,2,0,0,0
-188024180,Connect4,3,GAME_OVER,7,0,2,1608,OSLA,-1.0,1.0,OSLA,1,0,1,1,2,1,0,0,1,0,0,0
-2099704046,Connect4,3,GAME_OVER,8,1,2,1609,OSLA,1.0,-1.0,OSLA,2,0,1,4,0,0,0,0,1,0,0,0
1362458938,Connect4,7,GAME_OVER,15,0,2,1610,OSLA,-1.0,1.0,OSLA,2,0,2,0,1,4,3,2,1,0,0,0
1024018691,Connect4,8,GAME_OVER,18,1,2,1611,OSLA,1.0,-1.0,OSLA,2,0,1,2,3,3,4,2,1,0,0,0
-598875466,Connect4,4,GAME_OVER,9,0,2,1612,OSLA,-1.0,1.0,OSLA,2,0,1,1,1,2,1,0,1,0,0,0
-1489155872,Connect4,5,GAME_OVER,11,0,2,1613,OSLA,-1.0,1.0,OSLA,3,0,1,1,1,1,1,2,1,0,0,0
-857916708,Connect4,6,GAME_OVER,14,1,2,1614,OSLA,1.0,-1.0,OSLA,4,0,1,1,4,1,0,3,0,0,0,0
-1992234547,Connect4,5,GAME_OVER,11,0,2,1615,OSLA,-1.0,1.0,OSLA,0,0,0,3,1,1,5,0,1,0,0,0
-781129553,Connect4,3,GAME_OVER,7,0,2,1616,OSLA,-1.0,1.0,OSLA,1,0,1,1,0,1,1,1,1,0,0,0
-1772555230,Connect4,7,GAME_OVER,16,1,2,1617,OSLA,1.0,-1.0,OSLA,3,0,2,1,5,1,2,2,0,0,0,0
1226178843,Connect4,5,GAME_OVER,12,1,2,1618,OSLA,1.0,-1.0,OSLA,1,0,0,0,0,2,3,2,4,0,0,0
-571149211,Connect4,13,GAME_OVER,27,0,2,1619,OSLA,-1.0,1.0,OSLA,3,0,3,2,3,7,5,2,2,0,0,0
-1409123478,Connect4,7,GAME_OVER,16,1,2,1620,OSLA,1.0,-1.0,OSLA,1,0,2,3,4,1,1,0,4,0,0,0
-847105452,Connect4,6,GAME_OVER,14,1,2,1621,OSLA,1.0,-1.0,OSLA,1,0,4,4,2,1,1,0,1,0,0,0
-808168714,Connect4,6,GAME_OVER,13,0,2,1622,OSLA,-1.0,1.0,OSLA,1,0,3,1,1,4,0,2,1,0,0,0
-25855765,Connect4,3,GAME_OVER,7,0,2,1623,OSLA,-1.0,1.0,OSLA,1,0,1,0,0,2,1,1,1,0,0,0
-227321630,Connect4,5,GAME_OVER,11,0,2,1624,OSLA,-1.0,1.0,OSLA,2,0,2,2,1,1,1,1,1,0,0,0
1549422216,Connect4,3,GAME_OVER,8,1,2,1625,OSLA,1.0,-1.0,OSLA,0,0,1,2,1,1,1,1,1,0,0,0
510487010,Connect4,9,GAME_OVER,20,1,2,1626,OSLA,1.0,-1.0,OSLA,3,0,1,2,3,4,2,3,2,0,0,0
-606178148,Connect4,3,GAME_OVER,7,0,2,1627,OSLA,-1.0,1.0,OSLA,0,0,1,1,1,1,2,1,0,0,0,0
-1286721714,Connect4,6,GAME_OVER,13,0,2,1628,OSLA,-1.0,1.0,OSLA,2,0,0,1,2,1,4,2,1,0,0,0
-1417537398,Connect4,8,GAME_OVER,18,1,2,1629,OSLA,1.0,-1.0,OSLA,3,0,2,3,2,1,2,3,2,0,0,0
-2022418398,Connect4,6,GAME_OVER,13,0,2,1630,OSLA,-1.0,1.0,OSLA,3,0,1,2,1,4,1,1,0,0,0,0
-1642030180,Connect4,9,GAME_OVER,19,0,2,1631,OSLA,-1.0,1.0,OSLA,4,0,1,4,0,2,3,2,3,0,0,0
1005297044,Connect4,4,GAME_OVER,10,1,2,1632,OSLA,1.0,-1.0,OSLA,1,0,1,0,4,1,2,0,1,0,0,0
43404867,Connect4,6,GAME_OVER,13,0,2,1633,OSLA,-1.0,1.0,OSLA,1,0,2,1,1,2,0,4,2,0,0,0
-1508720548,Connect4,4,GAME_OVER,10,1,2,1634,OSLA,1.0,-1.0,OSLA,2,0,2,0,2,1,1,1,1,0,0,0
1244035829,Connect4,9,GAME_OVER,20,1,2,1635,OSLA,1.0,-1.0,OSLA,5,0,4,2,1,0,4,3,1,0,0,0
109135610,Connect4,4,GAME_OVER,10,1,2,1636,OSLA,1.0,-1.0,OSLA,1,0,1,3,1,1,1,1,1,0,0,0
-1304512670,Connect4,12,GAME_OVER,26,1,2,1637,OSLA,1.0,-1.0,OSLA,2,0,3,2,2,4,8,4,1,0,0,0
-1937968535,Connect4,5,GAME_OVER,12,1,2,1638,OSLA,1.0,-1.0,OSLA,2,0,2,1,1,0,1,0,5,0,0,0
1184577247,Connect4,11,GAME_OVER,23,0,2,1639,OSLA,-1.0,1.0,OSLA,5,0,1,5,3,3,3,2,1,0,0,0
811724323,Connect4,8,GAME_OVER,17,0,2,1640,OSLA,-1.0,1.0,OSLA,0,0,1,4,1,5,2,3,1,0,0,0
1990252344,Connect4,8,GAME_OVER,18,1,2,1641,OSLA,1.0,-1.0,OSLA,2,0,2,3,3,2,4,2,0,0,0,0
1892319596,Connect4,11,GAME_OVER,23,0,2,1642,OSLA,-1.0,1.0,OSLA,1,0,3,6,1,2,2,4,4,0,0,0
1030252865,Connect4,6,GAME_OVER,14,1,2,1643,OSLA,1.0,-1.0,OSLA,1,0,4,1,2,3,2,0,1,0,0,0
741329720,Connect4,9,GAME_OVER,19,0,2,1644,OSLA,-1.0,1.0,OSLA,2,0,3,3,4,1,1,2,3,0,0,0
540104931,Connect4,10,GAME_OVER,22,1,2,1645,OSLA,1.0,-1.0,OSLA,0,0,2,3,5,3,4,4,1,0,0,0
-1636194523,Connect4,5,GAME_OVER,12,1,2,1646,OSLA,1.0,-1.0,OSLA,0,0,2,5,0,0,2,1,2,0,0,0
1700062328,Connect4,9,GAME_OVER,20,1,2,1647,OSLA,1.0,-1.0,OSLA,2,0,2,2,1,2,5,2,4,0,0,0
1109496164,Connect4,3,GAME_OVER,7,0,2,1648,OSLA,-1.0,1.0,OSLA,1,0,0,1,0,1,2,1,1,0,0,0
-756180562,Connect4,8,GAME_OVER,17,0,2,1649,OSLA,-1.0,1.0,OSLA,1,0,2,1,1,3,1,4,4,0,0,0
1618282631,Connect4,11,GAME_OVER,23,0,2,1650,OSLA,-1.0,1.0,OSLA,5,0,3,1,2,3,4,2,3,0,0,0
-444178858,Connect4,10,GAME_OVER,21,0,2,1651,OSLA,-1.0,1.0,OSLA,4,0,4,2,2,0,1,5,3,0,0,0
-1920084090,Connect4,3,GAME_OVER,7,0,2,1652,OSLA,-1.0,1.0,OSLA,1,0,0,1,1,1,1,1,1,0,0,0
-658967113,Connect4,4,GAME_OVER,10,1,2,1653,OSLA,1.0,-1.0,OSLA,1,0,2,2,1,1,2,1,0,0,0,0
1155051399,Connect4,4,GAME_OVER,9,0,2,1654,OSLA,-1.0,1.0,OSLA,0,0,1,2,1,1,1,1,2,0,0,0
-800831636,Connect4,10,GAME_OVER,22,1,2,1655,OSLA,1.0,-1.0,OSLA,1,0,4,3,3,5,2,3,1,0,0,0
972544034,Connect4,5,GAME_OVER,12,1,2,1656,OSLA,1.0,-1.0,OSLA,0,0,1,2,3,2,2,1,1,0,0,0
-1590707502,Connect4,8,GAME_OVER,18,1,2,1657,OSLA,1.0,-1.0,OSLA,3,0,4,3,3,1,1,1,2,0,0,0
841764406,Connect4,8,GAME_OVER,17,0,2,1658,OSLA,-1.0,1.0,OSLA,0,0,2,2,4,3,2,1,3,0,0,0
-1283829108,Connect4,7,GAME_OVER,16,1,2,1659,OSLA,1.0,-1.0,OSLA,3,0,1,1,6,1,1,1,2,0,0,0
-1240220521,Connect4,6,GAME_OVER,14,1,2,1660,OSLA,1.0,-1.0,OSLA,2,0,1,2,1,6,1,0,1,0,0,0
-1040456275,Connect4,10,GAME_OVER,22,1,2,1661,OSLA,1.0,-1.0,OSLA,1,0,3,1,2,2,2,7,4,0,0,0
1117134609,Connect4,12,GAME_OVER,25,0,2,1662,OSLA,-1.0,1.0,OSLA,3,0,2,3,2,2,4,5,4,0,0,0
1214083209,Connect4,3,GAME_OVER,7,0,2,1663,OSLA,-1.0,1.0,OSLA,0,0,1,0,0,2,0,4,0,0,0,0
-941103209,Connect4,3,GAME_OVER,8,1,2,1664,OSLA,1.0,-1.0,OSLA,1,0,1,0,1,0,4,1,0,0,0,0
-1395258060,Connect4,5,GAME_OVER,11,0,2,1665,OSLA,-1.0,1.0,OSLA,2,0,1,1,0,1,4,1,1,0,0,0
-840239464,Connect4,9,GAME_OVER,19,0,2,1666,OSLA,-1.0,1.0,OSLA,2,0,3,4,3,3,1,1,2,0,0,0
-1199684544,Connect4,6,GAME_OVER,14,1,2,1667,OSLA,1.0,-1.0,OSLA,3,0,2,1,2,1,1,1,3,0,0,0
-174853422,Connect4,5,GAME_OVER,12,1,2,1668,OSLA,1.0,-1.0,OSLA,1,0,2,2,1,2,2,2,0,0,0,0
236920887,Connect4,12,GAME_OVER,26,1,2,1669,OSLA,1.0,-1.0,OSLA,0,0,6,6,1,5,4,2,2,0,0,0
-592094692,Connect4,5,GAME_OVER,12,1,2,1670,OSLA,1.0,-1.0,OSLA,0,0,2,2,1,0,0,4,3,0,0,0
-641707301,Connect4,6,GAME_OVER,14,1,2,1671,OSLA,1.0,-1.0,OSLA,0,0,1,2,2,3,2,2,2,0,0,0
-1717742604,Connect4,9,GAME_OVER,19,0,2,1672,OSLA,-1.0,1.0,OSLA,3,0,4,2,1,4,0,1,4,0,0,0
-156903095,Connect4,8,GAME_OVER,18,1,2,1673,OSLA,1.0,-1.0,OSLA,4,0,1,1,4,1,4,1,2,0,0,0
-443109411,Connect4,13,GAME_OVER,28,1,2,1674,OSLA,1.0,-1.0,OSLA,3,0,1,2,5,5,2,6,4,0,0,0
-866290604,Connect4,8,GAME_OVER,18,1,2,1675,OSLA,1.0,-1.0,OSLA,4,0,1,2,2,3,2,2,2,0,0,0
1932319954,Connect4,5,GAME_OVER,12,1,2,1676,OSLA,1.0,-1.0,OSLA,0,0,2,2,4,1,0,2,1,0,0,0
-822801175,Connect4,4,GAME_OVER,10,1,2,1677,OSLA,1.0,-1.0,OSLA,2,0,1,2,0,1,1,2,1,0,0,0
16964692,Connect4,7,GAME_OVER,15,0,2,1678,OSLA,-1.0,1.0,OSLA,1,0,0,2,2,4,2,2,2,0,0,0
1922123832,Connect4,4,GAME_OVER,9,0,2,1679,OSLA,-1.0,1.0,OSLA,2,0,0,0,1,1,2,1,2,0,0,0
1101499103,Connect4,7,GAME_OVER,16,1,2,1680,OSLA,1.0,-1.0,OSLA,0,0,1,2,4,3,3,2,1,0,0,0
-1196018201,Connect4,5,GAME_OVER,12,1,2,1681,OSLA,1.0,-1.0,OSLA,4,0,0,0,1,0,3,4,0,0,0,0
243785932,Connect4,4,GAME_OVER,9,0,2,1682,OSLA,-1.0,1.0,OSLA,1,0,1,1,3,1,1,1,0,0,0,0
822129325,Connect4,3,GAME_OVER,7,0,2,1683,OSLA,-1.0,1.0,OSLA,0,0,0,2,1,1,2,1,0,0,0,0
1656773092,Connect4,8,GAME_OVER,18,1,2,1684,OSLA,1.0,-1.0,OSLA,3,0,1,1,3,3,4,3,0,0,0,0
897967104,Connect4,11,GAME_OVER,24,1,2,1685,OSLA,1.0,-1.0,OSLA,3,0,4,0,4,3,5,4,1,0,0,0
-807907530,Connect4,10,GAME_OVER,21,0,2,1686,OSLA,-1.0,1.0,OSLA,1,0,5,4,1,0,3,2,5,0,0,0
1974314422,Connect4,6,GAME_OVER,13,0,2,1687,OSLA,-1.0,1.0,OSLA,2,0,1,1,1,1,0,5,2,0,0,0
-775418384,Connect4,4,GAME_OVER,10,1,2,1688,OSLA,1.0,-1.0,OSLA,0,0,0,0,0,1,3,4,2,0,0,0
1347285195,Connect4,6,GAME_OVER,14,1,2,1689,OSLA,1.0,-1.0,OSLA,4,0,1,1,1,0,0,2,5,0,0,0
166242110,Connect4,6,GAME_OVER,13,0,2,1690,OSLA,-1.0,1.0,OSLA,3,0,1,4,0,0,1,3,1,0,0,0
1502067380,Connect4,8,GAME_OVER,17,0,2,1691,OSLA,-1.0,1.0,OSLA,1,0,2,3,4,2,2,2,1,0,0,0
-639948660,Connect4,4,GAME_OVER,9,0,2,1692,OSLA,-1.0,1.0,OSLA,1,0,0,4,0,1,3,0,0,0,0,0
-384590119,Connect4,4,GAME_OVER,9,0,2,1693,OSLA,-1.0,1.0,OSLA,1,0,0,1,1,1,2,2,1,0,0,0
-388173671,Connect4,3,GAME_OVER,7,0,2,1694,OSLA,-1.0,1.0,OSLA,0,0,0,1,1,1,1,1,2,0,0,0
-1028759505,Connect4,3,GAME_OVER,7,0,2,1695,OSLA,-1.0,1.0,OSLA,2,0,0,0,1,1,1,1,1,0,0,0
1239252275,Connect4,6,GAME_OVER,13,0,2,1696,OSLA,-1.0,1.0,OSLA,2,0,1,1,1,2,3,2,1,0,0,0
1365640982,Connect4,4,GAME_OVER,9,0,2,1697,OSLA,-1.0,1.0,OSLA,3,0,1,1,1,1,0,1,1,0,0,0
1636116128,Connect4,3,GAME_OVER,7,0,2,1698,OSLA,-1.0,1.0,OSLA,1,0,0,0,2,1,1,1,1,0,0,0
864133078,Connect4,6,GAME_OVER,13,0,2,1699,OSLA,-1.0,1.0,OSLA,0,0,1,4,0,1,4,2,1,0,0,0
-1271523072,Connect4,12,GAME_OVER,25,0,2,1700,OSLA,-1.0,1.0,OSLA,2,0,7,1,3,2,3,4,3,0,0,0
-210012043,Connect4,12,GAME_OVER,25,0,2,1701,OSLA,-1.0,1.0,OSLA,5,0,5,0,3,4,2,1,5,0,0,0
536627490,Connect4,10,GAME_OVER,22,1,2,1702,OSLA,1.0,-1.0,OSLA,3,0,4,5,2,3,3,2,0,0,0,0
-1461010236,Connect4,5,GAME_OVER,12,1,2,1703,OSLA,1.0,-1.0,OSLA,2,0,0,4,3,0,1,0,2,0,0,0
-466259543,Connect4,4,GAME_OVER,9,0,2,1704,OSLA,-1.0,1.0,OSLA,2,0,2,2,1,1,1,0,0,0,0,0
-36524596,Connect4,6,GAME_OVER,13,0,2,1705,OSLA,-1.0,1.0,OSLA,3,0,2,1,2,1,4,0,0,0,0,0
-672717195,Connect4,9,GAME_OVER,20,1,2,1706,OSLA,1.0,-1.0,OSLA,4,0,2,2,1,3,4,1,3,0,0,0
-787068412,Connect4,11,GAME_OVER,24,1,2,1707,OSLA,1.0,-1.0,OSLA,2,0,5,3,4,3,1,2,4,0,0,0
322637739,Connect4,3,GAME_OVER,7,0,2,1708,OSLA,-1.0,1.0,OSLA,1,0,2,1,1,1,1,0,0,0,0,0
-619250180,Connect4,9,GAME_OVER,19,0,2,1709,OSLA,-1.0,1.0,OSLA,3,0,2,2,2,3,0,5,2,0,0,0
-317902130,Connect4,6,GAME_OVER,13,0,2,1710,OSLA,-1.0,1.0,OSLA,3,0,2,0,1,1,2,1,3,0,0,0
2137860439,Connect4,8,GAME_OVER,18,1,2,1711,OSLA,1.0,-1.0,OSLA,2,0,0,2,3,3,4,1,3,0,0,0
-682678330,Connect4,3,GAME_OVER,7,0,2,1712,OSLA,-1.0,1.0,OSLA,1,0,1,2,1,2,0,0,0,0,0,0
-665523628,Connect4,7,GAME_OVER,15,0,2,1713,OSLA,-1.0,1.0,OSLA,1,0,3,1,3,4,1,1,1,0,0,0
1809252562,Connect4,8,GAME_OVER,17,0,2,1714,OSLA,-1.0,1.0,OSLA,2,0,4,0,1,1,2,3,4,0,0,0
-1691155916,Connect4,3,GAME_OVER,7,0,2,1715,OSLA,-1.0,1.0,OSLA,1,0,0,1,2,1,1,1,0,0,0,0
1194842028,Connect4,3,GAME_OVER,7,0,2,1716,OSLA,-1.0,1.0,OSLA,0,0,1,0,1,1,1,2,1,0,0,0
-1535201482,Connect4,5,GAME_OVER,11,0,2,1717,OSLA,-1.0,1.0,OSLA,1,0,0,0,2,6,1,1,0,0,0,0
-35442836,Connect4,3,GAME_OVER,7,0,2,1718,OSLA,-1.0,1.0,OSLA,1,0,1,1,1,2,0,0,1,0,0,0
671869199,Connect4,7,GAME_OVER,15,0,2,1719,OSLA,-1.0,1.0,OSLA,0,0,2,3,2,2,2,2,2,0,0,0
1549335028,Connect4,4,GAME_OVER,10,1,2,1720,OSLA,1.0,-1.0,OSLA,0,0,1,4,2,1,1,1,0,0,0,0
303479547,Connect4,11,GAME_OVER,23,0,2,1721,OSLA,-1.0,1.0,OSLA,3,0,2,5,2,2,2,5,2,0,0,0
-660872991,Connect4,10,GAME_OVER,21,0,2,1722,OSLA,-1.0,1.0,OSLA,2,0,6,1,2,1,3,3,3,0,0,0
1124863710,Connect4,3,GAME_OVER,8,1,2,1723,OSLA,1.0,-1.0,OSLA,0,0,3,1,1,1,1,1,0,0,0,0
1546175828,Connect4,14,GAME_OVER,30,1,2,1724,OSLA,1.0,-1.0,OSLA,4,0,5,3,2,2,4,5,5,0,0,0
-1596969197,Connect4,3,GAME_OVER,8,1,2,1725,OSLA,1.0,-1.0,OSLA,0,0,2,0,2,1,1,2,0,0,0,0
-809234656,Connect4,8,GAME_OVER,18,1,2,1726,OSLA,1.0,-1.0,OSLA,2,0,2,2,4,4,0,2,2,0,0,0
-1743249192,Connect4,5,GAME_OVER,11,0,2,1727,OSLA,-1.0,1.0,OSLA,4,0,1,1,0,1,1,2,1,0,0,0
-1460491505,Connect4,3,GAME_OVER,7,0,2,1728,OSLA,-1.0,1.0,OSLA,1,0,0,0,1,1,2,1,1,0,0,0
525586289,Connect4,4,GAME_OVER,9,0,2,1729,OSLA,-1.0,1.0,OSLA,1,0,1,0,1,3,1,1,1,0,0,0
-1919594146,Connect4,7,GAME_OVER,16,1,2,1730,OSLA,1.0,-1.0,OSLA,1,0,4,1,1,3,0,1,5,0,0,0
-2105188225,Connect4,4,GAME_OVER,9,0,2,1731,OSLA,-1.0,1.0,OSLA,2,0,0,2,1,2,1,1,0,0,0,0
390408364,Connect4,9,GAME_OVER,20,1,2,1732,OSLA,1.0,-1.0,OSLA,2,0,4,0,6,3,1,2,2,0,0,0
525992997,Connect4,5,GAME_OVER,11,0,2,1733,OSLA,-1.0,1.0,OSLA,1,0,2,2,0,1,1,1,3,0,0,0
444327650,Connect4,5,GAME_OVER,11,0,2,1734,OSLA,-1.0,1.0,OSLA,2,0,1,1,1,4,1,0,1,0,0,0
-1655392288,Connect4,4,GAME_OVER,9,0,2,1735,OSLA,-1.0,1.0,OSLA,0,0,0,1,1,1,3,2,1,0,0,0
301891816,Connect4,5,GAME_OVER,11,0,2,1736,OSLA,-1.0,1.0,OSLA,1,0,2,1,2,1,2,1,1,0,0,0
-701443767,Connect4,8,GAME_OVER,18,1,2,1737,OSLA,1.0,-1.0,OSLA,5,0,2,0,0,2,5,2,2,0,0,0
285743901,Connect4,6,GAME_OVER,13,0,2,1738,OSLA,-1.0,1.0,OSLA,1,0,1,1,2,2,4,1,1,0,0,0
1532251673,Connect4,10,GAME_OVER,22,1,2,1739,OSLA,1.0,-1.0,OSLA,4,0,3,2,1,3,2,3,4,0,0,0
-306737172,Connect4,4,GAME_OVER,9,0,2,1740,OSLA,-1.0,1.0,OSLA,1,0,1,2,1,1,1,0,2,0,0,0
1406069025,Connect4,10,GAME_OVER,22,1,2,1741,OSLA,1.0,-1.0,OSLA,1,0,4,1,5,3,4,2,2,0,0,0
612980477,Connect4,10,GAME_OVER,21,0,2,1742,OSLA,-1.0,1.0,OSLA,4,0,0,4,2,4,4,1,2,0,0,0
2049400860,Connect4,5,GAME_OVER,12,1,2,1743,OSLA,1.0,-1.0,OSLA,2,0,1,2,1,1,2,2,1,0,0,0
-1131729214,Connect4,8,GAME_OVER,18,1,2,1744,OSLA,1.0,-1.0,OSLA,2,0,2,2,1,2,3,2,4,0,0,0
419642494,Connect4,4,GAME_OVER,9,0,2,1745,OSLA,-1.0,1.0,OSLA,2,0,2,1,1,1,0,1,1,0,0,0
-1556581502,Connect4,4,GAME_OVER,9,0,2,1746,OSLA,-1.0,1.0,OSLA,0,0,1,1,1,2,1,1,2,0,0,0
-320052815,Connect4,15,GAME_OVER,31,0,2,1747,OSLA,-1.0,1.0,OSLA,3,0,5,2,0,5,4,8,4,0,0,0
1613486597,Connect4,3,GAME_OVER,7,0,2,1748,OSLA,-1.0,1.0,OSLA,0,0,1,0,0,3,1,1,1,0,0,0
73575778,Connect4,9,GAME_OVER,20,1,2,1749,OSLA,1.0,-1.0,OSLA,1,0,2,3,2,3,2,4,3,0,0,0
-853794416,Connect4,8,GAME_OVER,17,0,2,1750,OSLA,-1.0,1.0,OSLA,4,0,4,1,0,1,1,4,2,0,0,0
-1607095615,Connect4,13,GAME_OVER,27,0,2,1751,OSLA,-1.0,1.0,OSLA,2,0,1,5,3,6,2,3,5,0,0,0
421564376,Connect4,11,GAME_OVER,23,0,2,1752,OSLA,-1.0,1.0,OSLA,1,0,2,5,2,2,3,6,2,0,0,0
864798697,Connect4,6,GAME_OVER,13,0,2,1753,OSLA,-1.0,1.0,OSLA,3,0,4,1,0,0,2,2,1,0,0,0
-1070892281,Connect4,4,GAME_OVER,9,0,2,1754,OSLA,-1.0,1.0,OSLA,0,0,2,0,1,1,1,4,0,0,0,0
696857808,Connect4,7,GAME_OVER,16,1,2,1755,OSLA,1.0,-1.0,OSLA,4,0,2,1,0,4,2,1,2,0,0,0
840767769,Connect4,14,GAME_OVER,29,0,2,1756,OSLA,-1.0,1.0,OSLA,7,0,3,3,2,3,3,4,4,0,0,0
-579689114,Connect4,3,GAME_OVER,8,1,2,1757,OSLA,1.0,-1.0,OSLA,1,0,1,1,1,1,1,0,2,0,0,0
903876880,Connect4,8,GAME_OVER,18,1,2,1758,OSLA,1.0,-1.0,OSLA,2,0,2,2,1,2,3,4,2,0,0,0
-991941429,Connect4,6,GAME_OVER,14,1,2,1759,OSLA,1.0,-1.0,OSLA,2,0,2,5,1,2,1,0,1,0,0,0
-453430827,Connect4,6,GAME_OVER,13,0,2,1760,OSLA,-1.0,1.0,OSLA,2,0,2,1,1,1,0,4,2,0,0,0
-1058710068,Connect4,4,GAME_OVER,9,0,2,1761,OSLA,-1.0,1.0,OSLA,0,0,2,1,1,1,1,2,1,0,0,0
-810939462,Connect4,12,GAME_OVER,26,1,2,1762,OSLA,1.0,-1.0,OSLA,6,0,2,4,4,2,2,1,5,0,0,0
-1427677949,Connect4,3,GAME_OVER,8,1,2,1763,OSLA,1.0,-1.0,OSLA,0,0,0,0,1,1,0,2,4,0,0,0
655181053,Connect4,6,GAME_OVER,14,1,2,1764,OSLA,1.0,-1.0,OSLA,0,0,3,1,0,4,4,2,0,0,0,0
-1701074097,Connect4,9,GAME_OVER,20,1,2,1765,OSLA,1.0,-1.0,OSLA,3,0,4,3,3,2,3,2,0,0,0,0
2077109956,Connect4,5,GAME_OVER,11,0,2,1766,OSLA,-1.0,1.0,OSLA,0,0,1,0,1,4,2,1,2,0,0,0
-951209095,Connect4,3,GAME_OVER,8,1,2,1767,OSLA,1.0,-1.0,OSLA,0,0,1,1,1,2,1,2,0,0,0,0
-1812811942,Connect4,4,GAME_OVER,9,0,2,1768,OSLA,-1.0,1.0,OSLA,0,0,1,3,0,0,4,1,0,0,0,0
640328778,Connect4,12,GAME_OVER,25,0,2,1769,OSLA,-1.0,1.0,OSLA,3,0,8,1,1,1,4,4,3,0,0,0
-329328708,Connect4,3,GAME_OVER,7,0,2,1770,OSLA,-1.0,1.0,OSLA,1,0,0,0,1,1,2,1,1,0,0,0
-1484887973,Connect4,3,GAME_OVER,7,0,2,1771,OSLA,-1.0,1.0,OSLA,1,0,1,1,1,1,1,1,0,0,0,0
1259388350,Connect4,8,GAME_OVER,17,0,2,1772,OSLA,-1.0,1.0,OSLA,4,0,1,3,2,2,1,2,2,0,0,0
-1889554590,Connect4,9,GAME_OVER,19,0,2,1773,OSLA,-1.0,1.0,OSLA,2,0,0,6,3,3,4,0,1,0,0,0
-612480696,Connect4,6,GAME_OVER,13,0,2,1774,OSLA,-1.0,1.0,OSLA,4,0,2,1,1,3,0,2,0,0,0,0
1677232334,Connect4,6,GAME_OVER,13,0,2,1775,OSLA,-1.0,1.0,OSLA,0,0,0,4,4,1,2,2,0,0,0,0
-717301125,Connect4,3,GAME_OVER,7,0,2,1776,OSLA,-1.0,1.0,OSLA,1,0,0,1,0,1,1,2,1,0,0,0
1813255660,Connect4,8,GAME_OVER,18,1,2,1777,OSLA,1.0,-1.0,OSLA,2,0,2,1,1,0,3,7,2,0,0,0
740939715,Connect4,8,GAME_OVER,17,0,2,1778,OSLA,-1.0,1.0,OSLA,2,0,3,1,1,0,4,2,4,0,0,0
-1857164818,Connect4,13,GAME_OVER,28,1,2,1779,OSLA,1.0,-1.0,OSLA,1,0,5,5,7,3,2,2,3,0,0,0
1331142169,Connect4,4,GAME_OVER,9,0,2,1780,OSLA,-1.0,1.0,OSLA,0,0,3,1,1,1,0,0,3,0,0,0
2075973771,Connect4,4,GAME_OVER,9,0,2,1781,OSLA,-1.0,1.0,OSLA,3,0,0,1,1,2,1,0,1,0,0,0
-223163637,Connect4,3,GAME_OVER,7,0,2,1782,OSLA,-1.0,1.0,OSLA,1,0,1,1,1,0,0,2,1,0,0,0
2112866322,Connect4,6,GAME_OVER,14,1,2,1783,OSLA,1.0,-1.0,OSLA,4,0,1,2,1,1,2,2,1,0,0,0
1545582402,Connect4,9,GAME_OVER,20,1,2,1784,OSLA,1.0,-1.0,OSLA,1,0,3,3,3,0,6,2,2,0,0,0
-2012173795,Connect4,10,GAME_OVER,22,1,2,1785,OSLA,1.0,-1.0,OSLA,1,0,2,2,1,2,4,4,6,0,0,0
1023609240,Connect4,8,GAME_OVER,18,1,2,1786,OSLA,1.0,-1.0,OSLA,1,0,3,0,2,3,3,4,2,0,0,0
932157012,Connect4,9,GAME_OVER,19,0,2,1787,OSLA,-1.0,1.0,OSLA,0,0,4,3,4,5,0,0,3,0,0,0
782163457,Connect4,7,GAME_OVER,15,0,2,1788,OSLA,-1.0,1.0,OSLA,2,0,2,2,4,3,0,1,1,0,0,0
56112344,Connect4,10,GAME_OVER,22,1,2,1789,OSLA,1.0,-1.0,OSLA,2,0,4,4,3,2,2,5,0,0,0,0
-1910972207,Connect4,4,GAME_OVER,10,1,2,1790,OSLA,1.0,-1.0,OSLA,1,0,1,1,1,1,3,2,0,0,0,0
-633421232,Connect4,4,GAME_OVER,10,1,2,1791,OSLA,1.0,-1.0,OSLA,1,0,3,1,0,2,1,1,1,0,0,0
892880427,Connect4,4,GAME_OVER,9,0,2,1792,OSLA,-1.0,1.0,OSLA,3,0,0,2,2,1,1,0,0,0,0,0
-207942225,Connect4,6,GAME_OVER,13,0,2,1793,OSLA,-1.0,1.0,OSLA,1,0,0,2,4,1,0,0,5,0,0,0
2064023194,Connect4,7,GAME_OVER,15,0,2,1794,OSLA,-1.0,1.0,OSLA,1,0,2,3,0,1,5,1,2,0,0,0
1558212650,Connect4,4,GAME_OVER,9,0,2,1795,OSLA,-1.0,1.0,OSLA,0,0,4,2,1,1,0,1,0,0,0,0
548619548,Connect4,7,GAME_OVER,15,0,2,1796,OSLA,-1.0,1.0,OSLA,1,0,1,1,2,1,2,4,3,0,0,0
-1877083654,Connect4,3,GAME_OVER,8,1,2,1797,OSLA,1.0,-1.0,OSLA,1,0,0,1,2,1,1,1,1,0,0,0
-1753812943,Connect4,3,GAME_OVER,8,1,2,1798,OSLA,1.0,-1.0,OSLA,0,0,1,0,0,1,0,4,2,0,0,0
-2043907370,Connect4,8,GAME_OVER,18,1,2,1799,OSLA,1.0,-1.0,OSLA,4,0,2,2,2,2,1,5,0,0,0,0
-1204019545,Connect4,7,GAME_OVER,15,0,2,1800,OSLA,-1.0,1.0,OSLA,0,0,2,2,0,3,2,2,4,0,0,0
-959616171,Connect4,5,GAME_OVER,12,1,2,1801,OSLA,1.0,-1.0,OSLA,2,0,1,3,1,1,1,3,0,0,0,0
-578569670,Connect4,7,GAME_OVER,16,1,2,1802,OSLA,1.0,-1.0,OSLA,2,0,3,0,0,2,0,2,7,0,0,0
-1816984429,Connect4,3,GAME_OVER,7,0,2,1803,OSLA,-1.0,1.0,OSLA,0,0,0,1,2,1,1,0,2,0,0,0
-546296505,Connect4,10,GAME_OVER,21,0,2,1804,OSLA,-1.0,1.0,OSLA,2,0,4,2,3,2,0,3,5,0,0,0
-478587449,Connect4,11,GAME_OVER,23,0,2,1805,OSLA,-1.0,1.0,OSLA,3,0,4,3,2,3,1,5,2,0,0,0
1170431511,Connect4,11,GAME_OVER,24,1,2,1806,OSLA,1.0,-1.0,OSLA,2,0,5,1,1,4,6,4,1,0,0,0
-985332809,Connect4,6,GAME_OVER,14,1,2,1807,OSLA,1.0,-1.0,OSLA,2,0,0,1,2,3,2,4,0,0,0,0
-1794647655,Connect4,7,GAME_OVER,15,0,2,1808,OSLA,-1.0,1.0,OSLA,2,0,0,2,1,1,1,3,5,0,0,0
1769325606,Connect4,7,GAME_OVER,15,0,2,1809,OSLA,-1.0,1.0,OSLA,2,0,3,2,2,2,1,2,1,0,0,0
975855741,Connect4,7,GAME_OVER,15,0,2,1810,OSLA,-1.0,1.0,OSLA,2,0,1,2,2,2,2,2,2,0,0,0
-618874958,Connect4,9,GAME_OVER,20,1,2,1811,OSLA,1.0,-1.0,OSLA,1,0,1,4,5,4,0,5,0,0,0,0
1659114766,Connect4,14,GAME_OVER,29,0,2,1812,OSLA,-1.0,1.0,OSLA,2,0,5,6,1,6,5,1,3,0,0,0
461754042,Connect4,4,GAME_OVER,10,1,2,1813,OSLA,1.0,-1.0,OSLA,0,0,2,0,1,3,1,2,1,0,0,0
-1512200892,Connect4,6,GAME_OVER,14,1,2,1814,OSLA,1.0,-1.0,OSLA,2,0,0,4,0,1,4,2,1,0,0,0
1348428364,Connect4,9,GAME_OVER,20,1,2,1815,OSLA,1.0,-1.0,OSLA,3,0,2,2,1,6,3,1,2,0,0,0
-1838396453,Connect4,5,GAME_OVER,11,0,2,1816,OSLA,-1.0,1.0,OSLA,1,0,2,1,1,1,2,0,3,0,0,0
1412225057,Connect4,3,GAME_OVER,7,0,2,1817,OSLA,-1.0,1.0,OSLA,0,0,0,1,0,1,4,1,0,0,0,0
1722692733,Connect4,7,GAME_OVER,16,1,2,1818,OSLA,1.0,-1.0,OSLA,2,0,1,1,3,2,5,2,0,0,0,0
-430956239,Connect4,3,GAME_OVER,7,0,2,1819,OSLA,-1.0,1.0,OSLA,0,0,1,0,2,0,0,0,4,0,0,0
-2054880715,Connect4,7,GAME_OVER,16,1,2,1820,OSLA,1.0,-1.0,OSLA,2,0,1,1,3,3,1,5,0,0,0,0
2078028913,Connect4,5,GAME_OVER,11,0,2,1821,OSLA,-1.0,1.0,OSLA,2,0,2,2,1,2,1,0,1,0,0,0
-270287671,Connect4,10,GAME_OVER,21,0,2,1822,OSLA,-1.0,1.0,OSLA,3,0,3,3,4,3,3,2,0,0,0,0
-485432402,Connect4,8,GAME_OVER,17,0,2,1823,OSLA,-1.0,1.0,OSLA,2,0,3,3,0,2,3,2,2,0,0,0
1412862138,Connect4,9,GAME_OVER,19,0,2,1824,OSLA,-1.0,1.0,OSLA,5,0,0,5,3,0,0,3,3,0,0,0
1227988643,Connect4,3,GAME_OVER,8,1,2,1825,OSLA,1.0,-1.0,OSLA,0,0,1,0,2,1,1,2,1,0,0,0
-1300470040,Connect4,3,GAME_OVER,7,0,2,1826,OSLA,-1.0,1.0,OSLA,0,0,4,0,0,1,0,0,2,0,0,0
827750589,Connect4,3,GAME_OVER,8,1,2,1827,OSLA,1.0,-1.0,OSLA,0,0,2,1,3,1,0,0,1,0,0,0
1956557874,Connect4,10,GAME_OVER,22,1,2,1828,OSLA,1.0,-1.0,OSLA,2,0,4,4,2,4,4,2,0,0,0,0
-606265298,Connect4,7,GAME_OVER,16,1,2,1829,OSLA,1.0,-1.0,OSLA,6,0,2,0,3,1,2,2,0,0,0,0
-497168752,Connect4,7,GAME_OVER,15,0,2,1830,OSLA,-1.0,1.0,OSLA,3,0,4,0,1,4,1,0,2,0,0,0
-1858012866,Connect4,9,GAME_OVER,19,0,2,1831,OSLA,-1.0,1.0,OSLA,4,0,4,3,4,1,1,0,2,0,0,0
-448863114,Connect4,7,GAME_OVER,16,1,2,1832,OSLA,1.0,-1.0,OSLA,2,0,2,2,1,1,1,1,6,0,0,0
-485798158,Connect4,5,GAME_OVER,11,0,2,1833,OSLA,-1.0,1.0,OSLA,1,0,1,1,1,3,1,1,2,0,0,0
190592127,Connect4,9,GAME_OVER,19,0,2,1834,OSLA,-1.0,1.0,OSLA,4,0,3,1,0,2,7,1,1,0,0,0
98177671,Connect4,11,GAME_OVER,24,1,2,1835,OSLA,1.0,-1.0,OSLA,1,0,3,1,7,4,3,3,2,0,0,0
1818535599,Connect4,6,GAME_OVER,13,0,2,1836,OSLA,-1.0,1.0,OSLA,0,0,2,1,1,3,4,1,1,0,0,0
916129111,Connect4,6,GAME_OVER,14,1,2,1837,OSLA,1.0,-1.0,OSLA,2,0,1,2,2,2,3,1,1,0,0,0
-1984283181,Connect4,6,GAME_OVER,14,1,2,1838,OSLA,1.0,-1.0,OSLA,2,0,3,2,2,0,1,1,3,0,0,0
583988510,Connect4,5,GAME_OVER,11,0,2,1839,OSLA,-1.0,1.0,OSLA,1,0,0,0,1,1,4,2,2,0,0,0
-779596092,Connect4,6,GAME_OVER,14,1,2,1840,OSLA,1.0,-1.0,OSLA,4,0,0,4,1,1,0,2,2,0,0,0
1429469366,Connect4,10,GAME_OVER,21,0,2,1841,OSLA,-1.0,1.0,OSLA,3,0,1,5,3,4,2,0,3,0,0,0
-518728551,Connect4,4,GAME_OVER,9,0,2,1842,OSLA,-1.0,1.0,OSLA,1,0,1,0,0,4,1,2,0,0,0,0
1528032196,Connect4,4,GAME_OVER,9,0,2,1843,OSLA,-1.0,1.0,OSLA,2,0,1,3,1,1,0,0,1,0,0,0
38921229,Connect4,5,GAME_OVER,11,0,2,1844,OSLA,-1.0,1.0,OSLA,1,0,2,1,2,1,1,2,1,0,0,0
2059784695,Connect4,9,GAME_OVER,19,0,2,1845,OSLA,-1.0,1.0,OSLA,4,0,3,2,1,1,5,2,1,0,0,0
1876164003,Connect4,3,GAME_OVER,7,0,2,1846,OSLA,-1.0,1.0,OSLA,0,0,2,1,2,1,0,1,0,0,0,0
-1082401098,Connect4,3,GAME_OVER,7,0,2,1847,OSLA,-1.0,1.0,OSLA,0,0,0,2,0,0,1,4,0,0,0,0
1404771660,Connect4,3,GAME_OVER,7,0,2,1848,OSLA,-1.0,1.0,OSLA,0,0,1,1,1,2,1,1,0,0,0,0
-1051874182,Connect4,11,GAME_OVER,24,1,2,1849,OSLA,1.0,-1.0,OSLA,0,0,3,2,1,2,4,6,6,0,0,0
-2056079459,Connect4,10,GAME_OVER,22,1,2,1850,OSLA,1.0,-1.0,OSLA,2,0,2,3,3,2,0,4,6,0,0,0
204359470,Connect4,8,GAME_OVER,17,0,2,1851,OSLA,-1.0,1.0,OSLA,0,0,1,4,0,2,4,4,2,0,0,0
734046172,Connect4,13,GAME_OVER,27,0,2,1852,OSLA,-1.0,1.0,OSLA,4,0,4,2,3,3,4,3,4,0,0,0
1664753466,Connect4,4,GAME_OVER,10,1,2,1853,OSLA,1.0,-1.0,OSLA,1,0,1,2,1,1,1,1,2,0,0,0
746403682,Connect4,6,GAME_OVER,13,0,2,1854,OSLA,-1.0,1.0,OSLA,1,0,1,3,1,1,2,2,2,0,0,0
-1987422417,Connect4,8,GAME_OVER,18,1,2,1855,OSLA,1.0,-1.0,OSLA,2,0,0,4,2,0,6,4,0,0,0,0
2021928490,Connect4,3,GAME_OVER,7,0,2,1856,OSLA,-1.0,1.0,OSLA,0,0,0,1,2,1,2,1,0,0,0,0
-1851509712,Connect4,4,GAME_OVER,9,0,2,1857,OSLA,-1.0,1.0,OSLA,1,0,0,2,0,4,0,1,1,0,0,0
1464210827,Connect4,7,GAME_OVER,16,1,2,1858,OSLA,1.0,-1.0,OSLA,1,0,1,4,3,2,2,1,2,0,0,0
950950274,Connect4,9,GAME_OVER,20,1,2,1859,OSLA,1.0,-1.0,OSLA,3,0,3,4,2,3,2,0,3,0,0,0
1105449316,Connect4,5,GAME_OVER,12,1,2,1860,OSLA,1.0,-1.0,OSLA,4,0,0,2,0,1,4,0,1,0,0,0
-753536523,Connect4,6,GAME_OVER,14,1,2,1861,OSLA,1.0,-1.0,OSLA,1,0,1,2,3,1,1,5,0,0,0,0
-1253555895,Connect4,4,GAME_OVER,9,0,2,1862,OSLA,-1.0,1.0,OSLA,4,0,2,0,0,1,0,2,0,0,0,0
1640402427,Connect4,9,GAME_OVER,20,1,2,1863,OSLA,1.0,-1.0,OSLA,2,0,4,4,2,2,0,4,2,0,0,0
564333169,Connect4,5,GAME_OVER,11,0,2,1864,OSLA,-1.0,1.0,OSLA,2,0,0,2,0,1,1,0,5,0,0,0
-537044054,Connect4,3,GAME_OVER,8,1,2,1865,OSLA,1.0,-1.0,OSLA,0,0,2,1,1,1,2,0,1,0,0,0
-2144023436,Connect4,6,GAME_OVER,14,1,2,1866,OSLA,1.0,-1.0,OSLA,1,0,1,0,5,2,2,3,0,0,0,0
-1028192768,Connect4,10,GAME_OVER,21,0,2,1867,OSLA,-1.0,1.0,OSLA,6,0,4,2,1,1,1,3,3,0,0,0
2139891232,Connect4,6,GAME_OVER,14,1,2,1868,OSLA,1.0,-1.0,OSLA,1,0,2,1,3,0,2,3,2,0,0,0
-361428197,Connect4,4,GAME_OVER,9,0,2,1869,OSLA,-1.0,1.0,OSLA,1,0,1,1,2,1,1,1,1,0,0,0
-1744247581,Connect4,8,GAME_OVER,17,0,2,1870,OSLA,-1.0,1.0,OSLA,2,0,3,1,1,1,0,6,3,0,0,0
-202881717,Connect4,8,GAME_OVER,18,1,2,1871,OSLA,1.0,-1.0,OSLA,3,0,3,4,5,1,0,2,0,0,0,0
-2119118685,Connect4,3,GAME_OVER,7,0,2,1872,OSLA,-1.0,1.0,OSLA,1,0,0,1,0,1,2,1,1,0,0,0
234473762,Connect4,4,GAME_OVER,9,0,2,1873,OSLA,-1.0,1.0,OSLA,1,0,1,1,2,1,0,2,1,0,0,0
1853460221,Connect4,9,GAME_OVER,19,0,2,1874,OSLA,-1.0,1.0,OSLA,2,0,2,2,4,4,0,1,4,0,0,0
-952718610,Connect4,3,GAME_OVER,7,0,2,1875,OSLA,-1.0,1.0,OSLA,1,0,0,1,2,1,1,0,1,0,0,0
-664574914,Connect4,5,GAME_OVER,12,1,2,1876,OSLA,1.0,-1.0,OSLA,0,0,1,2,2,2,2,2,1,0,0,0
-885602231,Connect4,5,GAME_OVER,12,1,2,1877,OSLA,1.0,-1.0,OSLA,2,0,2,0,0,5,0,0,3,0,0,0
-2134379120,Connect4,7,GAME_OVER,15,0,2,1878,OSLA,-1.0,1.0,OSLA,2,0,2,4,2,2,2,1,0,0,0,0
1451288215,Connect4,6,GAME_OVER,13,0,2,1879,OSLA,-1.0,1.0,OSLA,2,0,1,1,1,2,5,0,1,0,0,0
15331130,Connect4,4,GAME_OVER,9,0,2,1880,OSLA,-1.0,1.0,OSLA,2,0,1,2,1,1,0,0,2,0,0,0
1518888371,Connect4,11,GAME_OVER,23,0,2,1881,OSLA,-1.0,1.0,OSLA,2,0,2,2,1,3,8,2,3,0,0,0
2095735521,Connect4,8,GAME_OVER,17,0,2,1882,OSLA,-1.0,1.0,OSLA,3,0,2,1,1,0,1,7,2,0,0,0
-1672348139,Connect4,7,GAME_OVER,15,0,2,1883,OSLA,-1.0,1.0,OSLA,1,0,2,3,0,2,5,1,1,0,0,0
-1803082464,Connect4,3,GAME_OVER,8,1,2,1884,OSLA,1.0,-1.0,OSLA,0,0,1,1,2,2,1,0,1,0,0,0
-814771141,Connect4,5,GAME_OVER,11,0,2,1885,OSLA,-1.0,1.0,OSLA,0,0,3,0,4,2,1,0,1,0,0,0
153302787,Connect4,3,GAME_OVER,7,0,2,1886,OSLA,-1.0,1.0,OSLA,1,0,0,4,0,0,1,0,1,0,0,0
-35150054,Connect4,8,GAME_OVER,17,0,2,1887,OSLA,-1.0,1.0,OSLA,0,0,1,4,2,2,2,2,4,0,0,0
2055515939,Connect4,8,GAME_OVER,17,0,2,1888,OSLA,-1.0,1.0,OSLA,5,0,5,1,0,2,1,2,1,0,0,0
1848530397,Connect4,7,GAME_OVER,15,0,2,1889,OSLA,-1.0,1.0,OSLA,1,0,2,0,6,2,2,2,0,0,0,0
1826647916,Connect4,7,GAME_OVER,16,1,2,1890,OSLA,1.0,-1.0,OSLA,3,0,1,0,3,4,1,2,2,0,0,0
1520302402,Connect4,9,GAME_OVER,19,0,2,1891,OSLA,-1.0,1.0,OSLA,4,0,2,1,1,2,1,4,4,0,0,0
-827486243,Connect4,12,GAME_OVER,25,0,2,1892,OSLA,-1.0,1.0,OSLA,2,0,3,2,4,4,3,3,4,0,0,0
-983046316,Connect4,5,GAME_OVER,11,0,2,1893,OSLA,-1.0,1.0,OSLA,1,0,2,1,0,1,1,3,2,0,0,0
-732720188,Connect4,7,GAME_OVER,15,0,2,1894,OSLA,-1.0,1.0,OSLA,2,0,2,2,2,2,2,2,1,0,0,0
2111159380,Connect4,15,GAME_OVER,32,1,2,1895,OSLA,1.0,-1.0,OSLA,3,0,8,8,3,1,2,3,4,0,0,0
1767804478,Connect4,5,GAME_OVER,11,0,2,1896,OSLA,-1.0,1.0,OSLA,0,0,2,0,1,0,2,0,6,0,0,0
-1910144507,Connect4,6,GAME_OVER,14,1,2,1897,OSLA,1.0,-1.0,OSLA,1,0,2,3,2,1,1,2,2,0,0,0
1859853312,Connect4,6,GAME_OVER,13,0,2,1898,OSLA,-1.0,1.0,OSLA,2,0,1,1,2,3,0,3,1,0,0,0
905631430,Connect4,5,GAME_OVER,11,0,2,1899,OSLA,-1.0,1.0,OSLA,1,0,3,1,1,2,1,1,1,0,0,0
-834806848,Connect4,11,GAME_OVER,23,0,2,1900,OSLA,-1.0,1.0,OSLA,1,0,3,4,1,4,3,4,3,0,0,0
-1622484965,Connect4,10,GAME_OVER,21,0,2,1901,OSLA,-1.0,1.0,OSLA,4,0,3,2,6,2,0,2,2,0,0,0
1750311855,Connect4,11,GAME_OVER,23,0,2,1902,OSLA,-1.0,1.0,OSLA,2,0,2,5,5,4,2,1,2,0,0,0
-1717264250,Connect4,3,GAME_OVER,8,1,2,1903,OSLA,1.0,-1.0,OSLA,2,0,2,1,1,1,1,0,0,0,0,0
-368416289,Connect4,10,GAME_OVER,22,1,2,1904,OSLA,1.0,-1.0,OSLA,3,0,5,3,3,1,2,4,1,0,0,0
1687400178,Connect4,9,GAME_OVER,19,0,2,1905,OSLA,-1.0,1.0,OSLA,2,0,3,2,5,2,2,2,1,0,0,0
2012774036,Connect4,9,GAME_OVER,20,1,2,1906,OSLA,1.0,-1.0,OSLA,1,0,6,1,4,3,1,2,2,0,0,0
-215867913,Connect4,7,GAME_OVER,15,0,2,1907,OSLA,-1.0,1.0,OSLA,4,0,2,2,2,1,2,1,1,0,0,0
973513416,Connect4,6,GAME_OVER,14,1,2,1908,OSLA,1.0,-1.0,OSLA,1,0,0,0,3,4,1,4,1,0,0,0
-421119048,Connect4,5,GAME_OVER,11,0,2,1909,OSLA,-1.0,1.0,OSLA,2,0,0,2,1,2,1,1,2,0,0,0
165708404,Connect4,10,GAME_OVER,21,0,2,1910,OSLA,-1.0,1.0,OSLA,0,0,3,2,5,6,2,1,2,0,0,0
1868588857,Connect4,7,GAME_OVER,15,0,2,1911,OSLA,-1.0,1.0,OSLA,2,0,2,2,2,1,2,0,4,0,0,0
1871280464,Connect4,8,GAME_OVER,17,0,2,1912,OSLA,-1.0,1.0,OSLA,3,0,2,1,2,2,3,2,2,0,0,0
308029009,Connect4,6,GAME_OVER,13,0,2,1913,OSLA,-1.0,1.0,OSLA,1,0,2,3,0,1,1,4,1,0,0,0
-1952638416,Connect4,8,GAME_OVER,18,1,2,1914,OSLA,1.0,-1.0,OSLA,3,0,2,2,4,1,2,3,1,0,0,0
-1757823059,Connect4,7,GAME_OVER,15,0,2,1915,OSLA,-1.0,1.0,OSLA,2,0,1,2,2,2,4,0,2,0,0,0
1266418727,Connect4,9,GAME_OVER,19,0,2,1916,OSLA,-1.0,1.0,OSLA,5,0,4,5,2,1,1,0,1,0,0,0
807294587,Connect4,5,GAME_OVER,11,0,2,1917,OSLA,-1.0,1.0,OSLA,1,0,2,0,1,1,1,1,4,0,0,0
508491285,Connect4,5,GAME_OVER,12,1,2,1918,OSLA,1.0,-1.0,OSLA,3,0,2,2,2,1,1,0,1,0,0,0
505422264,Connect4,3,GAME_OVER,7,0,2,1919,OSLA,-1.0,1.0,OSLA,1,0,1,2,2,0,1,0,0,0,0,0
-1489430451,Connect4,4,GAME_OVER,10,1,2,1920,OSLA,1.0,-1.0,OSLA,1,0,3,1,0,1,2,1,1,0,0,0
-1924272333,Connect4,5,GAME_OVER,12,1,2,1921,OSLA,1.0,-1.0,OSLA,1,0,1,1,1,2,1,4,1,0,0,0
1910828402,Connect4,10,GAME_OVER,21,0,2,1922,OSLA,-1.0,1.0,OSLA,0,0,7,5,2,3,1,2,1,0,0,0
117326534,Connect4,6,GAME_OVER,13,0,2,1923,OSLA,-1.0,1.0,OSLA,3,0,1,1,1,2,2,1,2,0,0,0
2108135108,Connect4,4,GAME_OVER,10,1,2,1924,OSLA,1.0,-1.0,OSLA,0,0,1,3,0,4,0,1,1,0,0,0
-1225319338,Connect4,7,GAME_OVER,15,0,2,1925,OSLA,-1.0,1.0,OSLA,2,0,0,1,2,2,3,4,1,0,0,0
997123434,Connect4,11,GAME_OVER,23,0,2,1926,OSLA,-1.0,1.0,OSLA,0,0,5,2,2,2,5,5,2,0,0,0
609637265,Connect4,3,GAME_OVER,7,0,2,1927,OSLA,-1.0,1.0,OSLA,1,0,1,2,1,0,2,0,0,0,0,0
1337942406,Connect4,6,GAME_OVER,13,0,2,1928,OSLA,-1.0,1.0,OSLA,0,0,2,2,2,3,2,2,0,0,0,0
598775434,Connect4,7,GAME_OVER,15,0,2,1929,OSLA,-1.0,1.0,OSLA,4,0,4,1,1,1,2,2,0,0,0,0
213373196,Connect4,9,GAME_OVER,19,0,2,1930,OSLA,-1.0,1.0,OSLA,2,0,2,1,3,1,3,3,4,0,0,0
-1420427102,Connect4,3,GAME_OVER,7,0,2,1931,OSLA,-1.0,1.0,OSLA,1,0,0,1,1,0,4,0,0,0,0,0
-1372312647,Connect4,7,GAME_OVER,15,0,2,1932,OSLA,-1.0,1.0,OSLA,2,0,2,2,3,2,0,3,1,0,0,0
1347748190,Connect4,8,GAME_OVER,17,0,2,1933,OSLA,-1.0,1.0,OSLA,2,0,1,0,2,3,2,3,4,0,0,0
452402848,Connect4,5,GAME_OVER,12,1,2,1934,OSLA,1.0,-1.0,OSLA,2,0,0,1,1,1,2,1,4,0,0,0
-687114473,Connect4,8,GAME_OVER,17,0,2,1935,OSLA,-1.0,1.0,OSLA,1,0,4,1,1,3,3,2,2,0,0,0
-1241474784,Connect4,10,GAME_OVER,21,0,2,1936,OSLA,-1.0,1.0,OSLA,2,0,2,2,1,4,2,4,4,0,0,0
1550944175,Connect4,5,GAME_OVER,12,1,2,1937,OSLA,1.0,-1.0,OSLA,3,0,1,3,1,1,2,1,0,0,0,0
513484355,Connect4,12,GAME_OVER,25,0,2,1938,OSLA,-1.0,1.0,OSLA,3,0,1,3,0,5,3,5,5,0,0,0
1499427239,Connect4,3,GAME_OVER,8,1,2,1939,OSLA,1.0,-1.0,OSLA,2,0,1,0,1,1,2,1,0,0,0,0
1245667541,Connect4,7,GAME_OVER,15,0,2,1940,OSLA,-1.0,1.0,OSLA,0,0,1,2,2,2,2,3,3,0,0,0
-690529714,Connect4,4,GAME_OVER,9,0,2,1941,OSLA,-1.0,1.0,OSLA,1,0,0,2,4,0,0,1,1,0,0,0
473132470,Connect4,8,GAME_OVER,17,0,2,1942,OSLA,-1.0,1.0,OSLA,1,0,3,2,3,2,2,3,1,0,0,0
-1087073821,Connect4,13,GAME_OVER,28,1,2,1943,OSLA,1.0,-1.0,OSLA,4,0,3,7,3,6,1,1,3,0,0,0
577201972,Connect4,4,GAME_OVER,10,1,2,1944,OSLA,1.0,-1.0,OSLA,0,0,1,2,1,1,2,3,0,0,0,0
1366553823,Connect4,8,GAME_OVER,18,1,2,1945,OSLA,1.0,-1.0,OSLA,3,0,2,2,3,3,1,3,1,0,0,0
-543500942,Connect4,5,GAME_OVER,11,0,2,1946,OSLA,-1.0,1.0,OSLA,1,0,3,0,1,0,1,4,1,0,0,0
-1404270146,Connect4,14,GAME_OVER,30,1,2,1947,OSLA,1.0,-1.0,OSLA,3,0,3,4,6,2,2,7,3,0,0,0
-337968358,Connect4,5,GAME_OVER,11,0,2,1948,OSLA,-1.0,1.0,OSLA,2,0,1,0,1,2,2,1,2,0,0,0
1198411011,Connect4,11,GAME_OVER,24,1,2,1949,OSLA,1.0,-1.0,OSLA,3,0,4,4,0,3,4,3,3,0,0,0
-605093121,Connect4,9,GAME_OVER,19,0,2,1950,OSLA,-1.0,1.0,OSLA,3,0,1,1,1,4,2,5,2,0,0,0
1587009871,Connect4,8,GAME_OVER,17,0,2,1951,OSLA,-1.0,1.0,OSLA,1,0,1,2,3,5,3,1,1,0,0,0
-1073094065,Connect4,6,GAME_OVER,14,1,2,1952,OSLA,1.0,-1.0,OSLA,1,0,3,4,0,0,1,3,2,0,0,0
264589241,Connect4,9,GAME_OVER,20,1,2,1953,OSLA,1.0,-1.0,OSLA,1,0,3,2,3,2,2,5,2,0,0,0
769891461,Connect4,3,GAME_OVER,7,0,2,1954,OSLA,-1.0,1.0,OSLA,0,0,1,2,2,1,1,0,0,0,0,0
-1214438188,Connect4,3,GAME_OVER,7,0,2,1955,OSLA,-1.0,1.0,OSLA,1,0,1,0,1,2,1,1,0,0,0,0
-1066909376,Connect4,5,GAME_OVER,11,0,2,1956,OSLA,-1.0,1.0,OSLA,1,0,2,1,0,4,2,0,1,0,0,0
-745647871,Connect4,3,GAME_OVER,7,0,2,1957,OSLA,-1.0,1.0,OSLA,2,0,1,1,1,0,2,0,0,0,0,0
-1344984670,Connect4,3,GAME_OVER,8,1,2,1958,OSLA,1.0,-1.0,OSLA,1,0,1,0,2,1,1,1,1,0,0,0
-638490886,Connect4,10,GAME_OVER,22,1,2,1959,OSLA,1.0,-1.0,OSLA,2,0,3,1,2,3,5,4,2,0,0,0
1853188593,Connect4,3,GAME_OVER,7,0,2,1960,OSLA,-1.0,1.0,OSLA,0,0,1,1,1,1,1,1,1,0,0,0
2142785985,Connect4,5,GAME_OVER,11,0,2,1961,OSLA,-1.0,1.0,OSLA,0,0,0,3,2,3,2,0,1,0,0,0
-2132234882,Connect4,7,GAME_OVER,16,1,2,1962,OSLA,1.0,-1.0,OSLA,0,0,1,3,4,3,2,1,2,0,0,0
2022343514,Connect4,4,GAME_OVER,9,0,2,1963,OSLA,-1.0,1.0,OSLA,0,0,1,4,2,0,1,0,1,0,0,0
725003825,Connect4,4,GAME_OVER,9,0,2,1964,OSLA,-1.0,1.0,OSLA,2,0,2,1,0,1,1,1,1,0,0,0
1227046892,Connect4,6,GAME_OVER,13,0,2,1965,OSLA,-1.0,1.0,OSLA,2,0,2,2,3,1,0,0,3,0,0,0
2143440413,Connect4,5,GAME_OVER,11,0,2,1966,OSLA,-1.0,1.0,OSLA,2,0,1,2,2,1,1,2,0,0,0,0
1246362951,Connect4,8,GAME_OVER,17,0,2,1967,OSLA,-1.0,1.0,OSLA,2,0,2,3,2,2,3,0,3,0,0,0
2116768014,Connect4,20,GAME_OVER,41,0,2,1968,OSLA,-1.0,1.0,OSLA,8,0,6,4,4,7,2,3,7,0,0,0
-718760735,Connect4,8,GAME_OVER,18,1,2,1969,OSLA,1.0,-1.0,OSLA,4,0,2,0,3,1,0,3,5,0,0,0
120495348,Connect4,4,GAME_OVER,9,0,2,1970,OSLA,-1.0,1.0,OSLA,1,0,1,1,2,0,0,3,1,0,0,0
-1246374202,Connect4,6,GAME_OVER,13,0,2,1971,OSLA,-1.0,1.0,OSLA,2,0,2,2,0,1,1,4,1,0,0,0
1527845771,Connect4,9,GAME_OVER,20,1,2,1972,OSLA,1.0,-1.0,OSLA,2,0,0,4,2,4,3,2,3,0,0,0
1386542608,Connect4,6,GAME_OVER,14,1,2,1973,OSLA,1.0,-1.0,OSLA,0,0,0,2,1,2,3,2,4,0,0,0
-1933617986,Connect4,7,GAME_OVER,16,1,2,1974,OSLA,1.0,-1.0,OSLA,1,0,0,1,2,5,5,2,0,0,0,0
61987805,Connect4,9,GAME_OVER,19,0,2,1975,OSLA,-1.0,1.0,OSLA,2,0,2,2,4,4,1,1,3,0,0,0
-1894229872,Connect4,5,GAME_OVER,11,0,2,1976,OSLA,-1.0,1.0,OSLA,3,0,1,2,0,1,2,1,1,0,0,0
-1905738781,Connect4,3,GAME_OVER,7,0,2,1977,OSLA,-1.0,1.0,OSLA,2,0,0,1,1,1,1,1,0,0,0,0
-2146066289,Connect4,10,GAME_OVER,22,1,2,1978,OSLA,1.0,-1.0,OSLA,3,0,2,4,4,0,4,1,4,0,0,0
208395792,Connect4,8,GAME_OVER,17,0,2,1979,OSLA,-1.0,1.0,OSLA,1,0,2,1,1,3,3,4,2,0,0,0
-190704607,Connect4,8,GAME_OVER,17,0,2,1980,OSLA,-1.0,1.0,OSLA,4,0,3,2,1,2,2,2,1,0,0,0
1005552346,Connect4,8,GAME_OVER,17,0,2,1981,OSLA,-1.0,1.0,OSLA,1,0,2,2,0,3,1,2,6,0,0,0
849428521,Connect4,9,GAME_OVER,19,0,2,1982,OSLA,-1.0,1.0,OSLA,1,0,3,2,1,5,4,1,2,0,0,0
-204364760,Connect4,4,GAME_OVER,10,1,2,1983,OSLA,1.0,-1.0,OSLA,0,0,0,1,1,2,4,1,1,0,0,0
-1483671086,Connect4,8,GAME_OVER,18,1,2,1984,OSLA,1.0,-1.0,OSLA,1,0,5,1,0,4,2,3,2,0,0,0
-1768084744,Connect4,4,GAME_OVER,9,0,2,1985,OSLA,-1.0,1.0,OSLA,2,0,0,1,1,2,1,0,2,0,0,0
1950162317,Connect4,8,GAME_OVER,18,1,2,1986,OSLA,1.0,-1.0,OSLA,3,0,0,6,2,4,2,1,0,0,0,0
-1022389706,Connect4,6,GAME_OVER,13,0,2,1987,OSLA,-1.0,1.0,OSLA,1,0,4,0,4,2,2,0,0,0,0,0
-2032492934,Connect4,5,GAME_OVER,12,1,2,1988,OSLA,1.0,-1.0,OSLA,2,0,1,2,4,1,1,1,0,0,0,0
448850269,Connect4,4,GAME_OVER,10,1,2,1989,OSLA,1.0,-1.0,OSLA,1,0,0,1,1,4,1,1,1,0,0,0
-1769527339,Connect4,5,GAME_OVER,12,1,2,1990,OSLA,1.0,-1.0,OSLA,1,0,2,0,4,1,0,4,0,0,0,0
1459834326,Connect4,3,GAME_OVER,8,1,2,1991,OSLA,1.0,-1.0,OSLA,0,0,0,1,1,1,1,3,1,0,0,0
563904806,Connect4,10,GAME_OVER,21,0,2,1992,OSLA,-1.0,1.0,OSLA,2,0,3,3,0,1,3,3,6,0,0,0
914706484,Connect4,3,GAME_OVER,7,0,2,1993,OSLA,-1.0,1.0,OSLA,0,0,2,2,1,1,0,0,1,0,0,0
1750763328,Connect4,8,GAME_OVER,17,0,2,1994,OSLA,-1.0,1.0,OSLA,2,0,1,3,1,4,0,3,3,0,0,0
-1736580424,Connect4,6,GAME_OVER,13,0,2,1995,OSLA,-1.0,1.0,OSLA,4,0,1,4,2,0,1,0,1,0,0,0
969158480,Connect4,7,GAME_OVER,16,1,2,1996,OSLA,1.0,-1.0,OSLA,2,0,1,2,2,3,2,2,2,0,0,0
1946054863,Connect4,3,GAME_OVER,7,0,2,1997,OSLA,-1.0,1.0,OSLA,1,0,0,1,0,1,1,1,2,0,0,0
-2119139698,Connect4,4,GAME_OVER,9,0,2,1998,OSLA,-1.0,1.0,OSLA,3,0,2,1,2,1,0,0,0,0,0,0
1726294876,Connect4,4,GAME_OVER,9,0,2,1999,OSLA,-1.0,1.0,OSLA,3,0,0,1,1,0,0,4,0,0,0,0
999880785,Connect4,3,GAME_OVER,7,0,2,2000,OSLA,-1.0,1.0,OSLA,0,0,4,1,1,0,0,1,0,0,0,0
485850127,Connect4,5,GAME_OVER,12,1,2,2001,OSLA,1.0,-1.0,OSLA,1,0,1,1,0,1,4,0,4,0,0,0
-2019717746,Connect4,10,GAME_OVER,22,1,2,2002,OSLA,1.0,-1.0,OSLA,2,0,1,1,2,5,6,3,2,0,0,0
813466140,Connect4,8,GAME_OVER,18,1,2,2003,OSLA,1.0,-1.0,OSLA,4,0,3,2,1,4,1,1,2,0,0,0
191423507,Connect4,10,GAME_OVER,21,0,2,2004,OSLA,-1.0,1.0,OSLA,3,0,1,1,3,7,0,2,4,0,0,0
