GameSeed,GameName,Round,Event,Tick,Turn,PlayerCount,GameID,FinalScore(PlayerName-0),FinalScore(Player-1),FinalScore(Player-0),FinalScore(PlayerName-1),GameParams(winCount),GameParams(gridSize),ColumnPieceCount(0),ColumnPieceCount(11),ColumnPieceCount(1),ColumnPieceCount(2),ColumnPieceCount(3),ColumnPieceCount(4),ColumnPieceCount(5),ColumnPieceCount(6),ColumnPieceCount(7),ColumnPieceCount(8),ColumnPieceCount(9),ColumnPieceCount(10)
2146420036,Connect4,17,GAME_OVER,35,0,2,4010,connect4-32,-1.0,1.0,connect4-32,5,12,2,1,1,5,3,2,1,4,1,5,6,4
543675220,Connect4,46,GAME_OVER,93,0,2,4011,connect4-32,-1.0,1.0,connect4-32,5,12,3,7,11,4,12,11,4,8,10,11,10,2
-1104797416,Connect4,25,GAME_OVER,51,0,2,4012,connect4-32,-1.0,1.0,connect4-32,5,12,3,2,6,4,5,4,6,4,1,5,7,4
-2122888236,Connect4,15,GAME_OVER,31,0,2,4013,connect4-32,-1.0,1.0,connect4-32,5,12,2,0,1,6,4,0,2,6,2,6,2,0
411797902,Connect4,13,GAME_OVER,27,0,2,4014,connect4-32,-1.0,1.0,connect4-32,5,12,3,1,2,2,2,0,1,5,4,3,3,1
-260340557,Connect4,26,GAME_OVER,54,1,2,4015,connect4-32,1.0,-1.0,connect4-32,5,12,2,6,1,5,5,5,7,6,2,6,4,5
-2002258810,Connect4,39,GAME_OVER,79,0,2,4016,connect4-32,-1.0,1.0,connect4-32,5,12,6,8,7,10,4,9,11,3,5,7,8,1
-1736482663,Connect4,59,GAME_OVER,119,0,2,4017,connect4-32,-1.0,1.0,connect4-32,5,12,7,4,12,12,10,11,12,12,3,12,12,12
-1406371633,Connect4,17,GAME_OVER,36,1,2,4018,connect4-32,1.0,-1.0,connect4-32,5,12,0,0,4,2,0,6,4,3,3,9,3,2
1385045777,Connect4,30,GAME_OVER,62,1,2,4019,connect4-32,1.0,-1.0,connect4-32,5,12,2,1,3,10,0,5,6,4,10,7,9,5
-221288584,Connect4,16,GAME_OVER,34,1,2,4020,connect4-32,1.0,-1.0,connect4-32,5,12,1,0,5,3,1,1,4,5,4,5,4,1
-2050393553,Connect4,20,GAME_OVER,41,0,2,4021,connect4-32,-1.0,1.0,connect4-32,5,12,1,1,6,5,2,5,6,2,5,0,6,2
1871450781,Connect4,18,GAME_OVER,38,1,2,4022,connect4-32,1.0,-1.0,connect4-32,5,12,3,6,4,3,5,3,3,2,4,2,3,0
149955400,Connect4,29,GAME_OVER,60,1,2,4023,connect4-32,1.0,-1.0,connect4-32,5,12,0,5,5,6,8,8,5,2,5,8,7,1
283844994,Connect4,34,GAME_OVER,70,1,2,4024,connect4-32,1.0,-1.0,connect4-32,5,12,12,0,9,7,8,7,3,9,8,1,3,3
227697819,Connect4,38,GAME_OVER,78,1,2,4025,connect4-32,1.0,-1.0,connect4-32,5,12,5,4,7,8,11,8,7,2,6,8,5,7
112351290,Connect4,7,GAME_OVER,16,1,2,4026,connect4-32,1.0,-1.0,connect4-32,5,12,0,1,0,5,0,1,2,1,1,2,2,1
-1425746208,Connect4,33,GAME_OVER,68,1,2,4027,connect4-32,1.0,-1.0,connect4-32,5,12,2,0,8,6,2,7,4,9,10,6,7,7
-706361041,Connect4,22,GAME_OVER,45,0,2,4028,connect4-32,-1.0,1.0,connect4-32,5,12,4,3,5,2,4,9,1,4,6,2,5,0
2012251409,Connect4,12,GAME_OVER,26,1,2,4029,connect4-32,1.0,-1.0,connect4-32,5,12,4,0,0,2,5,3,2,0,2,5,2,1
-1515155140,Connect4,27,GAME_OVER,55,0,2,4030,connect4-32,-1.0,1.0,connect4-32,5,12,0,2,5,6,2,3,7,4,5,8,6,7
-526166552,Connect4,31,GAME_OVER,64,1,2,4031,connect4-32,1.0,-1.0,connect4-32,5,12,1,3,2,8,5,5,7,7,8,9,2,7
-653323449,Connect4,31,GAME_OVER,64,1,2,4032,connect4-32,1.0,-1.0,connect4-32,5,12,6,6,6,5,5,9,4,3,3,6,6,5
1976988142,Connect4,21,GAME_OVER,44,1,2,4033,connect4-32,1.0,-1.0,connect4-32,5,12,4,0,2,4,3,7,5,2,5,6,4,2
-1808714128,Connect4,4,GAME_OVER,9,0,2,4034,connect4-32,-1.0,1.0,connect4-32,5,12,0,0,1,1,1,1,1,1,1,0,1,1
-174690807,Connect4,36,GAME_OVER,73,0,2,4035,connect4-32,-1.0,1.0,connect4-32,5,12,4,3,6,5,5,10,9,5,7,4,5,10
1355809364,Connect4,60,GAME_OVER,121,0,2,4036,connect4-32,-1.0,1.0,connect4-32,5,12,5,12,12,12,12,12,3,12,12,12,12,5
-695036437,Connect4,20,GAME_OVER,41,0,2,4037,connect4-32,-1.0,1.0,connect4-32,5,12,0,2,6,4,5,8,3,2,5,4,2,0
-1386141956,Connect4,6,GAME_OVER,13,0,2,4038,connect4-32,-1.0,1.0,connect4-32,5,12,0,0,1,1,0,2,0,0,5,1,3,0
181835479,Connect4,23,GAME_OVER,47,0,2,4039,connect4-32,-1.0,1.0,connect4-32,5,12,6,1,4,6,5,2,0,5,4,5,4,5
-488301981,Connect4,4,GAME_OVER,10,1,2,4040,connect4-32,1.0,-1.0,connect4-32,5,12,0,1,0,1,0,0,2,1,1,2,1,1
734614159,Connect4,24,GAME_OVER,49,0,2,4041,connect4-32,-1.0,1.0,connect4-32,5,12,1,1,6,2,8,5,4,5,2,6,6,3
1196723139,Connect4,14,GAME_OVER,30,1,2,4042,connect4-32,1.0,-1.0,connect4-32,5,12,4,0,0,5,3,4,2,2,5,2,3,0
-1728406678,Connect4,23,GAME_OVER,47,0,2,4043,connect4-32,-1.0,1.0,connect4-32,5,12,0,2,4,4,1,6,6,3,4,6,6,5
320965895,Connect4,22,GAME_OVER,45,0,2,4044,connect4-32,-1.0,1.0,connect4-32,5,12,1,3,5,1,6,7,4,4,4,5,1,4
1472878053,Connect4,21,GAME_OVER,43,0,2,4045,connect4-32,-1.0,1.0,connect4-32,5,12,1,3,5,5,3,4,4,5,4,2,5,2
-1840509684,Connect4,38,GAME_OVER,77,0,2,4046,connect4-32,-1.0,1.0,connect4-32,5,12,8,4,7,9,2,8,8,7,9,3,6,6
-636434131,Connect4,31,GAME_OVER,64,1,2,4047,connect4-32,1.0,-1.0,connect4-32,5,12,3,0,7,6,9,9,4,4,5,1,9,7
2020254114,Connect4,18,GAME_OVER,37,0,2,4048,connect4-32,-1.0,1.0,connect4-32,5,12,2,0,5,5,5,5,4,0,3,2,2,4
318314351,Connect4,24,GAME_OVER,49,0,2,4049,connect4-32,-1.0,1.0,connect4-32,5,12,1,5,4,2,2,3,7,6,7,5,5,2
258293349,Connect4,11,GAME_OVER,24,1,2,4050,connect4-32,1.0,-1.0,connect4-32,5,12,1,0,2,3,2,2,5,1,0,5,2,1
31176693,Connect4,37,GAME_OVER,76,1,2,4051,connect4-32,1.0,-1.0,connect4-32,5,12,4,7,7,5,3,6,10,9,8,11,4,2
348839399,Connect4,41,GAME_OVER,84,1,2,4052,connect4-32,1.0,-1.0,connect4-32,5,12,7,4,7,10,12,3,9,2,6,9,10,5
1946923098,Connect4,43,GAME_OVER,88,1,2,4053,connect4-32,1.0,-1.0,connect4-32,5,12,2,1,7,4,10,11,10,11,7,7,11,7
1904960709,Connect4,36,GAME_OVER,74,1,2,4054,connect4-32,1.0,-1.0,connect4-32,5,12,3,5,8,9,6,8,1,7,7,6,5,9
931856213,Connect4,4,GAME_OVER,9,0,2,4055,connect4-32,-1.0,1.0,connect4-32,5,12,1,0,1,1,1,1,1,0,1,1,1,0
-1653558630,Connect4,9,GAME_OVER,20,1,2,4056,connect4-32,1.0,-1.0,connect4-32,5,12,2,0,2,2,2,2,2,1,0,2,3,2
-1553825038,Connect4,38,GAME_OVER,78,1,2,4057,connect4-32,1.0,-1.0,connect4-32,5,12,5,4,3,4,4,12,6,6,10,10,7,7
-1322517776,Connect4,35,GAME_OVER,71,0,2,4058,connect4-32,-1.0,1.0,connect4-32,5,12,5,1,11,9,9,5,6,0,2,9,7,7
-323392208,Connect4,11,GAME_OVER,23,0,2,4059,connect4-32,-1.0,1.0,connect4-32,5,12,0,3,1,3,0,6,4,0,2,1,2,1
-1838894950,Connect4,30,GAME_OVER,62,1,2,4060,connect4-32,1.0,-1.0,connect4-32,5,12,3,3,6,7,7,2,10,5,11,3,4,1
-17930921,Connect4,35,GAME_OVER,72,1,2,4061,connect4-32,1.0,-1.0,connect4-32,5,12,1,7,5,11,7,10,7,7,6,3,4,4
-1786472417,Connect4,7,GAME_OVER,15,0,2,4062,connect4-32,-1.0,1.0,connect4-32,5,12,0,1,0,2,1,1,1,1,2,4,1,1
671060366,Connect4,22,GAME_OVER,46,1,2,4063,connect4-32,1.0,-1.0,connect4-32,5,12,1,3,5,4,7,0,2,3,5,5,3,8
1744800289,Connect4,21,GAME_OVER,44,1,2,4064,connect4-32,1.0,-1.0,connect4-32,5,12,1,1,3,3,0,9,0,5,7,5,5,5
-381533327,Connect4,29,GAME_OVER,60,1,2,4065,connect4-32,1.0,-1.0,connect4-32,5,12,2,0,2,9,7,5,4,8,7,6,8,2
-1684661025,Connect4,22,GAME_OVER,45,0,2,4066,connect4-32,-1.0,1.0,connect4-32,5,12,2,1,4,1,4,9,5,2,5,5,3,4
1862448051,Connect4,10,GAME_OVER,22,1,2,4067,connect4-32,1.0,-1.0,connect4-32,5,12,0,1,1,7,0,2,0,2,5,0,3,1
-437754807,Connect4,4,GAME_OVER,9,0,2,4068,connect4-32,-1.0,1.0,connect4-32,5,12,0,0,1,1,1,1,1,0,1,1,1,1
1455975456,Connect4,13,GAME_OVER,27,0,2,4069,connect4-32,-1.0,1.0,connect4-32,5,12,1,2,0,3,0,2,0,5,4,4,4,2
1025722937,Connect4,11,GAME_OVER,24,1,2,4070,connect4-32,1.0,-1.0,connect4-32,5,12,0,0,1,2,3,3,3,3,4,1,2,2
1238729837,Connect4,28,GAME_OVER,57,0,2,4071,connect4-32,-1.0,1.0,connect4-32,5,12,6,5,2,10,3,5,4,5,7,3,4,3
887635153,Connect4,28,GAME_OVER,58,1,2,4072,connect4-32,1.0,-1.0,connect4-32,5,12,1,4,5,3,4,0,6,5,9,8,6,7
1726152120,Connect4,34,GAME_OVER,70,1,2,4073,connect4-32,1.0,-1.0,connect4-32,5,12,3,4,5,5,8,9,7,2,2,9,8,8
-673241326,Connect4,23,GAME_OVER,48,1,2,4074,connect4-32,1.0,-1.0,connect4-32,5,12,4,1,1,6,4,6,3,5,10,3,4,1
-1862196818,Connect4,11,GAME_OVER,24,1,2,4075,connect4-32,1.0,-1.0,connect4-32,5,12,2,0,2,3,2,2,3,0,3,5,2,0
-697866207,Connect4,4,GAME_OVER,9,0,2,4076,connect4-32,-1.0,1.0,connect4-32,5,12,1,0,1,1,1,1,1,2,0,0,1,0
658646444,Connect4,26,GAME_OVER,53,0,2,4077,connect4-32,-1.0,1.0,connect4-32,5,12,3,1,2,4,4,6,3,8,5,8,8,1
676452309,Connect4,24,GAME_OVER,50,1,2,4078,connect4-32,1.0,-1.0,connect4-32,5,12,5,0,7,6,5,4,4,5,5,1,5,3
1575108441,Connect4,24,GAME_OVER,49,0,2,4079,connect4-32,-1.0,1.0,connect4-32,5,12,4,0,2,5,7,4,6,6,0,4,9,2
708209547,Connect4,25,GAME_OVER,52,1,2,4080,connect4-32,1.0,-1.0,connect4-32,5,12,3,2,3,4,4,7,8,5,1,8,4,3
758261640,Connect4,22,GAME_OVER,45,0,2,4081,connect4-32,-1.0,1.0,connect4-32,5,12,0,2,3,6,1,2,3,6,6,6,3,7
-1421816754,Connect4,49,GAME_OVER,100,1,2,4082,connect4-32,1.0,-1.0,connect4-32,5,12,5,7,3,9,11,10,10,12,11,10,9,3
594512224,Connect4,29,GAME_OVER,59,0,2,4083,connect4-32,-1.0,1.0,connect4-32,5,12,0,2,3,2,6,6,11,4,5,9,5,6
-107759661,Connect4,18,GAME_OVER,38,1,2,4084,connect4-32,1.0,-1.0,connect4-32,5,12,0,0,4,3,3,4,6,5,4,3,3,3
1447976740,Connect4,27,GAME_OVER,55,0,2,4085,connect4-32,-1.0,1.0,connect4-32,5,12,2,4,1,3,4,2,5,8,6,10,9,1
-1647220775,Connect4,50,GAME_OVER,101,0,2,4086,connect4-32,-1.0,1.0,connect4-32,5,12,8,3,7,6,12,12,11,11,8,5,11,7
423334670,Connect4,44,GAME_OVER,90,1,2,4087,connect4-32,1.0,-1.0,connect4-32,5,12,3,7,8,7,4,10,8,8,11,11,8,5
1031014384,Connect4,14,GAME_OVER,29,0,2,4088,connect4-32,-1.0,1.0,connect4-32,5,12,1,0,4,3,0,6,1,1,0,5,3,5
-1893354986,Connect4,17,GAME_OVER,36,1,2,4089,connect4-32,1.0,-1.0,connect4-32,5,12,4,3,2,2,3,0,4,5,6,1,5,1
2120976315,Connect4,32,GAME_OVER,66,1,2,4090,connect4-32,1.0,-1.0,connect4-32,5,12,8,5,5,7,8,7,3,0,8,3,10,2
1020651425,Connect4,38,GAME_OVER,77,0,2,4091,connect4-32,-1.0,1.0,connect4-32,5,12,3,1,6,7,1,6,8,12,9,10,7,7
-1976866796,Connect4,23,GAME_OVER,48,1,2,4092,connect4-32,1.0,-1.0,connect4-32,5,12,1,3,0,7,2,7,7,2,7,6,4,2
1982866536,Connect4,22,GAME_OVER,45,0,2,4093,connect4-32,-1.0,1.0,connect4-32,5,12,2,2,3,6,6,5,6,4,4,3,3,1
1087605711,Connect4,22,GAME_OVER,45,0,2,4094,connect4-32,-1.0,1.0,connect4-32,5,12,5,1,2,5,4,7,7,0,5,4,3,2
332664859,Connect4,19,GAME_OVER,40,1,2,4095,connect4-32,1.0,-1.0,connect4-32,5,12,2,5,3,2,0,1,2,3,4,8,6,4
-972566,Connect4,30,GAME_OVER,62,1,2,4096,connect4-32,1.0,-1.0,connect4-32,5,12,1,1,1,7,7,8,9,8,6,2,7,5
-1958968182,Connect4,40,GAME_OVER,81,0,2,4097,connect4-32,-1.0,1.0,connect4-32,5,12,8,4,6,9,7,8,8,1,7,11,9,3
625591652,Connect4,41,GAME_OVER,83,0,2,4098,connect4-32,-1.0,1.0,connect4-32,5,12,6,3,6,9,11,7,7,2,8,11,7,6
1946460761,Connect4,25,GAME_OVER,51,0,2,4099,connect4-32,-1.0,1.0,connect4-32,5,12,3,0,4,9,8,4,1,3,4,4,7,4
-1499905250,Connect4,61,GAME_OVER,123,0,2,4100,connect4-32,-1.0,1.0,connect4-32,5,12,9,11,6,9,7,12,12,12,12,12,9,12
41443977,Connect4,20,GAME_OVER,41,0,2,4101,connect4-32,-1.0,1.0,connect4-32,5,12,4,0,4,4,6,0,2,7,3,5,6,0
-1225297819,Connect4,37,GAME_OVER,75,0,2,4102,connect4-32,-1.0,1.0,connect4-32,5,12,6,3,9,8,9,6,5,8,6,8,6,1
-1529107100,Connect4,35,GAME_OVER,71,0,2,4103,connect4-32,-1.0,1.0,connect4-32,5,12,6,1,2,6,10,12,7,4,6,6,8,3
-947785951,Connect4,35,GAME_OVER,72,1,2,4104,connect4-32,1.0,-1.0,connect4-32,5,12,4,3,7,10,5,8,8,7,6,6,5,3
1705232001,Connect4,29,GAME_OVER,59,0,2,4105,connect4-32,-1.0,1.0,connect4-32,5,12,1,3,3,5,6,7,7,6,7,3,8,3
-1345348933,Connect4,31,GAME_OVER,63,0,2,4106,connect4-32,-1.0,1.0,connect4-32,5,12,0,4,5,3,9,8,3,1,10,7,5,8
2118719238,Connect4,21,GAME_OVER,44,1,2,4107,connect4-32,1.0,-1.0,connect4-32,5,12,1,2,2,3,0,5,1,6,7,6,9,2
1130132781,Connect4,22,GAME_OVER,45,0,2,4108,connect4-32,-1.0,1.0,connect4-32,5,12,3,1,6,3,7,5,4,3,2,6,3,2
-1054516656,Connect4,27,GAME_OVER,55,0,2,4109,connect4-32,-1.0,1.0,connect4-32,5,12,3,0,3,6,2,7,6,9,4,5,2,8
-779313682,Connect4,24,GAME_OVER,50,1,2,4110,connect4-32,1.0,-1.0,connect4-32,5,12,3,2,0,4,5,6,1,4,9,8,4,4
-484524384,Connect4,34,GAME_OVER,69,0,2,4111,connect4-32,-1.0,1.0,connect4-32,5,12,6,5,2,5,8,7,9,5,5,6,4,7
1717860743,Connect4,32,GAME_OVER,66,1,2,4112,connect4-32,1.0,-1.0,connect4-32,5,12,5,5,0,6,6,7,8,8,3,9,5,4
-188024180,Connect4,22,GAME_OVER,45,0,2,4113,connect4-32,-1.0,1.0,connect4-32,5,12,5,3,8,4,4,4,1,5,5,3,3,0
-2099704046,Connect4,32,GAME_OVER,65,0,2,4114,connect4-32,-1.0,1.0,connect4-32,5,12,8,0,6,7,7,8,6,1,0,8,6,8
1362458938,Connect4,5,GAME_OVER,11,0,2,4115,connect4-32,-1.0,1.0,connect4-32,5,12,1,1,1,1,1,1,1,0,0,1,2,1
1024018691,Connect4,20,GAME_OVER,41,0,2,4116,connect4-32,-1.0,1.0,connect4-32,5,12,0,1,0,5,0,6,6,6,5,5,3,4
-598875466,Connect4,7,GAME_OVER,16,1,2,4117,connect4-32,1.0,-1.0,connect4-32,5,12,0,1,2,2,1,3,2,1,1,1,1,1
-1489155872,Connect4,29,GAME_OVER,59,0,2,4118,connect4-32,-1.0,1.0,connect4-32,5,12,1,2,0,7,8,7,6,6,6,5,9,2
-857916708,Connect4,21,GAME_OVER,43,0,2,4119,connect4-32,-1.0,1.0,connect4-32,5,12,6,3,5,6,4,5,4,0,3,5,1,1
-1992234547,Connect4,25,GAME_OVER,51,0,2,4120,connect4-32,-1.0,1.0,connect4-32,5,12,6,1,0,5,5,2,0,6,5,8,6,7
-781129553,Connect4,19,GAME_OVER,39,0,2,4121,connect4-32,-1.0,1.0,connect4-32,5,12,1,0,5,5,0,8,3,4,0,3,6,4
-1772555230,Connect4,32,GAME_OVER,65,0,2,4122,connect4-32,-1.0,1.0,connect4-32,5,12,0,3,8,7,5,6,11,3,6,5,6,5
1226178843,Connect4,19,GAME_OVER,40,1,2,4123,connect4-32,1.0,-1.0,connect4-32,5,12,1,3,3,3,5,4,6,0,3,4,5,3
-571149211,Connect4,41,GAME_OVER,84,1,2,4124,connect4-32,1.0,-1.0,connect4-32,5,12,9,4,8,12,7,4,8,8,8,7,4,5
-1409123478,Connect4,24,GAME_OVER,49,0,2,4125,connect4-32,-1.0,1.0,connect4-32,5,12,0,2,0,7,1,5,5,6,4,7,8,4
-847105452,Connect4,27,GAME_OVER,55,0,2,4126,connect4-32,-1.0,1.0,connect4-32,5,12,2,1,0,6,3,10,6,7,12,2,4,2
-808168714,Connect4,24,GAME_OVER,49,0,2,4127,connect4-32,-1.0,1.0,connect4-32,5,12,1,1,2,6,5,4,3,5,7,4,6,5
-25855765,Connect4,18,GAME_OVER,38,1,2,4128,connect4-32,1.0,-1.0,connect4-32,5,12,1,3,6,5,6,3,4,1,3,1,3,2
-227321630,Connect4,37,GAME_OVER,76,1,2,4129,connect4-32,1.0,-1.0,connect4-32,5,12,3,5,6,5,9,10,5,11,7,7,7,1
1549422216,Connect4,25,GAME_OVER,51,0,2,4130,connect4-32,-1.0,1.0,connect4-32,5,12,2,1,6,3,8,5,5,5,4,9,2,1
510487010,Connect4,25,GAME_OVER,52,1,2,4131,connect4-32,1.0,-1.0,connect4-32,5,12,6,0,3,5,6,6,6,5,2,4,7,2
-606178148,Connect4,42,GAME_OVER,86,1,2,4132,connect4-32,1.0,-1.0,connect4-32,5,12,4,6,6,12,1,7,7,9,9,9,8,8
-1286721714,Connect4,62,GAME_OVER,126,1,2,4133,connect4-32,1.0,-1.0,connect4-32,5,12,12,12,12,12,12,4,12,12,2,12,12,12
-1417537398,Connect4,41,GAME_OVER,84,1,2,4134,connect4-32,1.0,-1.0,connect4-32,5,12,1,3,3,7,8,4,11,10,6,12,12,7
-2022418398,Connect4,19,GAME_OVER,39,0,2,4135,connect4-32,-1.0,1.0,connect4-32,5,12,3,0,1,6,3,4,4,3,0,6,4,5
-1642030180,Connect4,17,GAME_OVER,36,1,2,4136,connect4-32,1.0,-1.0,connect4-32,5,12,4,1,1,2,5,3,6,4,4,2,4,0
1005297044,Connect4,28,GAME_OVER,57,0,2,4137,connect4-32,-1.0,1.0,connect4-32,5,12,2,1,6,6,5,7,5,6,6,4,4,5
43404867,Connect4,29,GAME_OVER,60,1,2,4138,connect4-32,1.0,-1.0,connect4-32,5,12,1,6,0,3,8,1,8,8,7,8,6,4
-1508720548,Connect4,22,GAME_OVER,46,1,2,4139,connect4-32,1.0,-1.0,connect4-32,5,12,1,1,4,3,5,5,6,2,8,4,5,2
1244035829,Connect4,34,GAME_OVER,69,0,2,4140,connect4-32,-1.0,1.0,connect4-32,5,12,3,0,5,10,9,8,11,2,5,9,6,1
109135610,Connect4,48,GAME_OVER,98,1,2,4141,connect4-32,1.0,-1.0,connect4-32,5,12,5,5,8,11,9,10,10,2,9,10,10,9
-1304512670,Connect4,25,GAME_OVER,51,0,2,4142,connect4-32,-1.0,1.0,connect4-32,5,12,0,3,2,6,3,6,7,6,3,4,6,5
-1937968535,Connect4,29,GAME_OVER,60,1,2,4143,connect4-32,1.0,-1.0,connect4-32,5,12,3,5,10,9,3,5,8,7,4,0,5,1
1184577247,Connect4,19,GAME_OVER,39,0,2,4144,connect4-32,-1.0,1.0,connect4-32,5,12,5,0,4,4,5,4,5,2,1,5,3,1
811724323,Connect4,21,GAME_OVER,43,0,2,4145,connect4-32,-1.0,1.0,connect4-32,5,12,1,2,3,8,0,8,2,5,5,3,5,1
1990252344,Connect4,31,GAME_OVER,64,1,2,4146,connect4-32,1.0,-1.0,connect4-32,5,12,2,6,7,4,3,12,7,5,8,0,5,5
1892319596,Connect4,38,GAME_OVER,77,0,2,4147,connect4-32,-1.0,1.0,connect4-32,5,12,4,3,6,11,4,8,10,0,5,6,12,8
1030252865,Connect4,37,GAME_OVER,75,0,2,4148,connect4-32,-1.0,1.0,connect4-32,5,12,9,1,7,10,8,8,7,8,3,4,6,4
741329720,Connect4,19,GAME_OVER,39,0,2,4149,connect4-32,-1.0,1.0,connect4-32,5,12,0,3,6,5,2,5,4,5,4,3,2,0
540104931,Connect4,20,GAME_OVER,41,0,2,4150,connect4-32,-1.0,1.0,connect4-32,5,12,0,3,0,2,0,3,3,7,6,6,4,7
-1636194523,Connect4,17,GAME_OVER,36,1,2,4151,connect4-32,1.0,-1.0,connect4-32,5,12,1,5,0,3,0,3,5,4,5,4,6,0
1700062328,Connect4,16,GAME_OVER,33,0,2,4152,connect4-32,-1.0,1.0,connect4-32,5,12,1,2,4,2,0,3,5,4,4,3,4,1
1109496164,Connect4,20,GAME_OVER,41,0,2,4153,connect4-32,-1.0,1.0,connect4-32,5,12,5,0,4,1,1,2,6,6,5,5,4,2
-756180562,Connect4,27,GAME_OVER,56,1,2,4154,connect4-32,1.0,-1.0,connect4-32,5,12,3,1,5,4,1,8,9,4,2,6,7,6
1618282631,Connect4,34,GAME_OVER,70,1,2,4155,connect4-32,1.0,-1.0,connect4-32,5,12,1,0,7,7,8,8,6,8,6,6,5,8
-444178858,Connect4,69,GAME_OVER,140,1,2,4156,connect4-32,1.0,-1.0,connect4-32,5,12,12,12,12,12,12,12,12,12,12,8,12,12
-1920084090,Connect4,57,GAME_OVER,116,1,2,4157,connect4-32,1.0,-1.0,connect4-32,5,12,11,12,10,8,9,10,12,11,6,12,12,3
-658967113,Connect4,31,GAME_OVER,63,0,2,4158,connect4-32,-1.0,1.0,connect4-32,5,12,2,3,2,10,5,6,9,10,7,2,3,4
1155051399,Connect4,28,GAME_OVER,57,0,2,4159,connect4-32,-1.0,1.0,connect4-32,5,12,11,0,2,8,6,6,5,4,5,5,3,2
-800831636,Connect4,4,GAME_OVER,9,0,2,4160,connect4-32,-1.0,1.0,connect4-32,5,12,1,0,1,2,1,1,1,0,0,0,1,1
972544034,Connect4,19,GAME_OVER,39,0,2,4161,connect4-32,-1.0,1.0,connect4-32,5,12,1,4,1,1,3,5,1,4,5,5,7,2
-1590707502,Connect4,70,GAME_OVER,142,1,2,4162,connect4-32,1.0,-1.0,connect4-32,5,12,12,12,12,12,10,12,12,12,12,12,12,12
841764406,Connect4,4,GAME_OVER,10,1,2,4163,connect4-32,1.0,-1.0,connect4-32,5,12,0,1,1,1,0,0,1,1,1,2,1,1
-1283829108,Connect4,63,GAME_OVER,127,0,2,4164,connect4-32,-1.0,1.0,connect4-32,5,12,12,12,12,12,7,12,12,12,12,0,12,12
-1240220521,Connect4,34,GAME_OVER,69,0,2,4165,connect4-32,-1.0,1.0,connect4-32,5,12,2,3,6,4,7,6,9,3,10,5,12,2
-1040456275,Connect4,9,GAME_OVER,19,0,2,4166,connect4-32,-1.0,1.0,connect4-32,5,12,0,0,2,2,2,2,2,2,1,3,2,1
1117134609,Connect4,34,GAME_OVER,70,1,2,4167,connect4-32,1.0,-1.0,connect4-32,5,12,10,0,5,7,10,5,5,3,8,5,9,3
1214083209,Connect4,27,GAME_OVER,55,0,2,4168,connect4-32,-1.0,1.0,connect4-32,5,12,0,10,2,6,2,7,4,3,6,6,6,3
-941103209,Connect4,64,GAME_OVER,130,1,2,4169,connect4-32,1.0,-1.0,connect4-32,5,12,12,12,12,4,12,12,12,12,12,6,12,12
-1395258060,Connect4,25,GAME_OVER,51,0,2,4170,connect4-32,-1.0,1.0,connect4-32,5,12,3,0,3,3,2,10,4,3,9,8,6,0
-840239464,Connect4,10,GAME_OVER,22,1,2,4171,connect4-32,1.0,-1.0,connect4-32,5,12,0,1,1,3,2,2,2,2,2,1,5,1
-1199684544,Connect4,17,GAME_OVER,36,1,2,4172,connect4-32,1.0,-1.0,connect4-32,5,12,2,0,6,2,3,8,3,2,2,4,2,2
-174853422,Connect4,14,GAME_OVER,29,0,2,4173,connect4-32,-1.0,1.0,connect4-32,5,12,3,0,5,5,1,4,5,0,2,2,1,1
236920887,Connect4,26,GAME_OVER,53,0,2,4174,connect4-32,-1.0,1.0,connect4-32,5,12,7,1,1,6,5,5,3,4,7,4,5,5
-592094692,Connect4,20,GAME_OVER,42,1,2,4175,connect4-32,1.0,-1.0,connect4-32,5,12,0,0,1,4,5,7,4,6,4,3,5,3
-641707301,Connect4,24,GAME_OVER,50,1,2,4176,connect4-32,1.0,-1.0,connect4-32,5,12,1,0,0,3,3,10,7,7,6,6,2,5
-1717742604,Connect4,30,GAME_OVER,61,0,2,4177,connect4-32,-1.0,1.0,connect4-32,5,12,2,3,0,3,8,7,7,2,9,9,5,6
-156903095,Connect4,12,GAME_OVER,26,1,2,4178,connect4-32,1.0,-1.0,connect4-32,5,12,2,0,0,4,1,5,0,3,4,1,5,1
-443109411,Connect4,36,GAME_OVER,73,0,2,4179,connect4-32,-1.0,1.0,connect4-32,5,12,2,1,5,5,6,8,9,7,10,7,6,7
-866290604,Connect4,10,GAME_OVER,21,0,2,4180,connect4-32,-1.0,1.0,connect4-32,5,12,2,0,1,2,0,3,2,0,5,2,4,0
1932319954,Connect4,57,GAME_OVER,116,1,2,4181,connect4-32,1.0,-1.0,connect4-32,5,12,11,7,11,12,9,12,12,10,3,11,10,8
-822801175,Connect4,14,GAME_OVER,29,0,2,4182,connect4-32,-1.0,1.0,connect4-32,5,12,0,1,0,4,3,5,5,4,3,3,1,0
16964692,Connect4,4,GAME_OVER,9,0,2,4183,connect4-32,-1.0,1.0,connect4-32,5,12,0,0,1,1,1,1,1,1,0,0,3,0
1922123832,Connect4,22,GAME_OVER,45,0,2,4184,connect4-32,-1.0,1.0,connect4-32,5,12,0,0,2,7,4,7,6,5,6,6,2,0
1101499103,Connect4,29,GAME_OVER,59,0,2,4185,connect4-32,-1.0,1.0,connect4-32,5,12,5,1,4,6,2,1,8,12,1,10,4,5
-1196018201,Connect4,21,GAME_OVER,43,0,2,4186,connect4-32,-1.0,1.0,connect4-32,5,12,2,2,7,5,4,4,3,4,5,1,6,0
243785932,Connect4,29,GAME_OVER,59,0,2,4187,connect4-32,-1.0,1.0,connect4-32,5,12,1,6,5,5,5,9,3,0,9,5,10,1
822129325,Connect4,4,GAME_OVER,9,0,2,4188,connect4-32,-1.0,1.0,connect4-32,5,12,0,1,1,1,1,1,1,0,1,0,1,1
1656773092,Connect4,60,GAME_OVER,122,1,2,4189,connect4-32,1.0,-1.0,connect4-32,5,12,7,6,9,10,12,12,12,11,10,12,9,12
897967104,Connect4,4,GAME_OVER,9,0,2,4190,connect4-32,-1.0,1.0,connect4-32,5,12,0,0,1,1,1,1,1,1,1,0,1,1
-807907530,Connect4,50,GAME_OVER,102,1,2,4191,connect4-32,1.0,-1.0,connect4-32,5,12,8,8,7,10,6,7,10,9,11,8,12,6
1974314422,Connect4,26,GAME_OVER,54,1,2,4192,connect4-32,1.0,-1.0,connect4-32,5,12,7,0,7,9,7,5,6,0,4,2,2,5
-775418384,Connect4,15,GAME_OVER,31,0,2,4193,connect4-32,-1.0,1.0,connect4-32,5,12,0,0,5,2,3,4,3,2,0,2,8,2
1347285195,Connect4,26,GAME_OVER,54,1,2,4194,connect4-32,1.0,-1.0,connect4-32,5,12,5,2,3,4,4,7,6,6,5,4,5,3
166242110,Connect4,16,GAME_OVER,33,0,2,4195,connect4-32,-1.0,1.0,connect4-32,5,12,1,1,2,5,3,3,5,0,0,5,4,4
1502067380,Connect4,28,GAME_OVER,58,1,2,4196,connect4-32,1.0,-1.0,connect4-32,5,12,3,2,0,4,6,5,7,3,6,7,10,5
-639948660,Connect4,31,GAME_OVER,64,1,2,4197,connect4-32,1.0,-1.0,connect4-32,5,12,1,6,5,5,3,10,4,5,10,5,8,2
-384590119,Connect4,45,GAME_OVER,91,0,2,4198,connect4-32,-1.0,1.0,connect4-32,5,12,5,10,9,4,8,10,11,8,4,8,12,2
-388173671,Connect4,40,GAME_OVER,82,1,2,4199,connect4-32,1.0,-1.0,connect4-32,5,12,8,4,6,10,1,9,10,8,3,10,11,2
-1028759505,Connect4,7,GAME_OVER,15,0,2,4200,connect4-32,-1.0,1.0,connect4-32,5,12,2,0,1,5,1,1,0,2,1,1,1,0
1239252275,Connect4,27,GAME_OVER,55,0,2,4201,connect4-32,-1.0,1.0,connect4-32,5,12,3,4,5,4,5,4,7,4,5,5,6,3
1365640982,Connect4,28,GAME_OVER,57,0,2,4202,connect4-32,-1.0,1.0,connect4-32,5,12,2,5,1,7,1,7,9,0,5,8,7,5
1636116128,Connect4,49,GAME_OVER,100,1,2,4203,connect4-32,1.0,-1.0,connect4-32,5,12,6,9,2,11,10,11,11,10,10,8,9,3
864133078,Connect4,21,GAME_OVER,43,0,2,4204,connect4-32,-1.0,1.0,connect4-32,5,12,2,1,0,5,7,4,5,2,6,2,3,6
-1271523072,Connect4,29,GAME_OVER,60,1,2,4205,connect4-32,1.0,-1.0,connect4-32,5,12,5,2,6,7,7,7,7,7,5,1,6,0
-210012043,Connect4,29,GAME_OVER,59,0,2,4206,connect4-32,-1.0,1.0,connect4-32,5,12,0,3,0,8,8,8,8,6,4,5,5,4
536627490,Connect4,25,GAME_OVER,51,0,2,4207,connect4-32,-1.0,1.0,connect4-32,5,12,0,1,0,6,7,5,3,6,5,8,8,2
-1461010236,Connect4,39,GAME_OVER,79,0,2,4208,connect4-32,-1.0,1.0,connect4-32,5,12,2,1,2,9,10,9,12,8,9,7,5,5
-466259543,Connect4,25,GAME_OVER,51,0,2,4209,connect4-32,-1.0,1.0,connect4-32,5,12,2,3,3,6,4,6,6,6,7,1,4,3
-36524596,Connect4,17,GAME_OVER,35,0,2,4210,connect4-32,-1.0,1.0,connect4-32,5,12,1,2,2,2,0,6,5,5,5,5,1,1
-672717195,Connect4,4,GAME_OVER,9,0,2,4211,connect4-32,-1.0,1.0,connect4-32,5,12,1,0,1,1,1,1,1,0,0,1,1,1
-787068412,Connect4,29,GAME_OVER,60,1,2,4212,connect4-32,1.0,-1.0,connect4-32,5,12,4,6,8,5,3,8,5,3,6,5,3,4
322637739,Connect4,19,GAME_OVER,40,1,2,4213,connect4-32,1.0,-1.0,connect4-32,5,12,1,2,1,2,2,6,2,4,6,4,5,5
-619250180,Connect4,24,GAME_OVER,49,0,2,4214,connect4-32,-1.0,1.0,connect4-32,5,12,7,4,1,4,6,1,2,3,5,4,7,5
-317902130,Connect4,32,GAME_OVER,66,1,2,4215,connect4-32,1.0,-1.0,connect4-32,5,12,2,5,8,4,9,7,9,2,6,6,6,2
2137860439,Connect4,6,GAME_OVER,13,0,2,4216,connect4-32,-1.0,1.0,connect4-32,5,12,0,0,1,1,1,1,1,2,2,1,3,0
-682678330,Connect4,22,GAME_OVER,45,0,2,4217,connect4-32,-1.0,1.0,connect4-32,5,12,2,1,3,5,5,5,3,7,6,5,1,2
-665523628,Connect4,15,GAME_OVER,32,1,2,4218,connect4-32,1.0,-1.0,connect4-32,5,12,1,3,1,6,4,2,5,0,3,4,3,0
1809252562,Connect4,46,GAME_OVER,93,0,2,4219,connect4-32,-1.0,1.0,connect4-32,5,12,3,6,8,10,12,10,10,9,8,3,7,7
-1691155916,Connect4,12,GAME_OVER,26,1,2,4220,connect4-32,1.0,-1.0,connect4-32,5,12,1,1,0,5,1,3,3,2,1,3,5,1
1194842028,Connect4,26,GAME_OVER,54,1,2,4221,connect4-32,1.0,-1.0,connect4-32,5,12,2,1,4,1,9,1,1,8,7,7,8,5
-1535201482,Connect4,27,GAME_OVER,56,1,2,4222,connect4-32,1.0,-1.0,connect4-32,5,12,5,2,0,10,7,8,9,0,3,2,5,5
-35442836,Connect4,29,GAME_OVER,60,1,2,4223,connect4-32,1.0,-1.0,connect4-32,5,12,3,1,9,8,8,3,1,7,9,4,4,3
671869199,Connect4,35,GAME_OVER,72,1,2,4224,connect4-32,1.0,-1.0,connect4-32,5,12,3,6,5,5,7,4,7,9,6,7,6,7
1549335028,Connect4,4,GAME_OVER,9,0,2,4225,connect4-32,-1.0,1.0,connect4-32,5,12,0,0,1,1,1,1,1,1,1,1,1,0
303479547,Connect4,25,GAME_OVER,51,0,2,4226,connect4-32,-1.0,1.0,connect4-32,5,12,5,3,5,4,0,4,1,10,4,5,5,5
-660872991,Connect4,30,GAME_OVER,61,0,2,4227,connect4-32,-1.0,1.0,connect4-32,5,12,3,8,0,1,4,7,7,7,9,4,6,5
1124863710,Connect4,67,GAME_OVER,135,0,2,4228,connect4-32,-1.0,1.0,connect4-32,5,12,12,12,9,12,12,12,12,12,6,12,12,12
1546175828,Connect4,32,GAME_OVER,65,0,2,4229,connect4-32,-1.0,1.0,connect4-32,5,12,2,6,4,7,6,9,0,5,6,7,6,7
-1596969197,Connect4,32,GAME_OVER,65,0,2,4230,connect4-32,-1.0,1.0,connect4-32,5,12,8,2,6,8,9,7,2,6,6,3,5,3
-809234656,Connect4,28,GAME_OVER,58,1,2,4231,connect4-32,1.0,-1.0,connect4-32,5,12,6,5,2,6,2,3,1,6,9,6,10,2
-1743249192,Connect4,29,GAME_OVER,60,1,2,4232,connect4-32,1.0,-1.0,connect4-32,5,12,2,1,5,5,6,5,7,9,7,6,7,0
-1460491505,Connect4,35,GAME_OVER,71,0,2,4233,connect4-32,-1.0,1.0,connect4-32,5,12,7,2,8,6,7,8,8,6,3,5,3,8
525586289,Connect4,31,GAME_OVER,63,0,2,4234,connect4-32,-1.0,1.0,connect4-32,5,12,3,1,11,4,8,11,4,3,4,4,8,2
-1919594146,Connect4,26,GAME_OVER,53,0,2,4235,connect4-32,-1.0,1.0,connect4-32,5,12,3,1,2,5,3,5,6,6,7,6,4,5
-2105188225,Connect4,14,GAME_OVER,30,1,2,4236,connect4-32,1.0,-1.0,connect4-32,5,12,0,0,0,3,0,4,0,5,5,4,7,2
390408364,Connect4,18,GAME_OVER,38,1,2,4237,connect4-32,1.0,-1.0,connect4-32,5,12,2,3,2,4,2,4,5,5,5,1,2,3
525992997,Connect4,9,GAME_OVER,20,1,2,4238,connect4-32,1.0,-1.0,connect4-32,5,12,5,0,1,1,0,5,2,1,3,0,2,0
444327650,Connect4,16,GAME_OVER,33,0,2,4239,connect4-32,-1.0,1.0,connect4-32,5,12,2,1,0,5,3,3,4,3,2,5,4,1
-1655392288,Connect4,5,GAME_OVER,12,1,2,4240,connect4-32,1.0,-1.0,connect4-32,5,12,0,1,2,1,1,1,1,1,1,1,1,1
301891816,Connect4,28,GAME_OVER,58,1,2,4241,connect4-32,1.0,-1.0,connect4-32,5,12,2,6,2,6,4,5,5,5,6,7,5,5
-701443767,Connect4,16,GAME_OVER,34,1,2,4242,connect4-32,1.0,-1.0,connect4-32,5,12,2,0,0,6,0,4,7,4,3,1,5,2
285743901,Connect4,30,GAME_OVER,62,1,2,4243,connect4-32,1.0,-1.0,connect4-32,5,12,1,6,3,5,8,6,3,5,6,9,6,4
1532251673,Connect4,42,GAME_OVER,85,0,2,4244,connect4-32,-1.0,1.0,connect4-32,5,12,2,7,6,10,9,4,6,10,4,11,6,10
-306737172,Connect4,25,GAME_OVER,52,1,2,4245,connect4-32,1.0,-1.0,connect4-32,5,12,1,1,5,7,5,5,6,9,5,1,1,6
1406069025,Connect4,27,GAME_OVER,55,0,2,4246,connect4-32,-1.0,1.0,connect4-32,5,12,0,0,1,7,5,8,6,5,1,4,9,9
612980477,Connect4,19,GAME_OVER,40,1,2,4247,connect4-32,1.0,-1.0,connect4-32,5,12,3,2,1,6,1,2,4,0,6,7,5,3
2049400860,Connect4,17,GAME_OVER,35,0,2,4248,connect4-32,-1.0,1.0,connect4-32,5,12,0,1,2,9,4,7,0,2,3,2,5,0
-1131729214,Connect4,23,GAME_OVER,47,0,2,4249,connect4-32,-1.0,1.0,connect4-32,5,12,2,1,1,7,8,6,5,5,6,4,2,0
419642494,Connect4,4,GAME_OVER,9,0,2,4250,connect4-32,-1.0,1.0,connect4-32,5,12,0,0,0,1,2,1,1,1,2,0,1,0
-1556581502,Connect4,12,GAME_OVER,25,0,2,4251,connect4-32,-1.0,1.0,connect4-32,5,12,0,0,1,3,2,4,5,3,2,3,2,0
-320052815,Connect4,32,GAME_OVER,66,1,2,4252,connect4-32,1.0,-1.0,connect4-32,5,12,2,3,1,7,9,5,11,10,6,4,7,1
1613486597,Connect4,5,GAME_OVER,11,0,2,4253,connect4-32,-1.0,1.0,connect4-32,5,12,0,0,0,5,0,1,1,0,1,1,1,1
73575778,Connect4,41,GAME_OVER,83,0,2,4254,connect4-32,-1.0,1.0,connect4-32,5,12,0,3,9,12,9,11,7,3,12,4,9,4
-853794416,Connect4,5,GAME_OVER,11,0,2,4255,connect4-32,-1.0,1.0,connect4-32,5,12,1,0,2,1,1,1,1,0,2,0,2,0
-1607095615,Connect4,21,GAME_OVER,44,1,2,4256,connect4-32,1.0,-1.0,connect4-32,5,12,3,2,1,4,2,6,5,3,5,5,6,2
421564376,Connect4,8,GAME_OVER,17,0,2,4257,connect4-32,-1.0,1.0,connect4-32,5,12,0,1,1,2,2,2,2,2,3,0,2,0
864798697,Connect4,37,GAME_OVER,76,1,2,4258,connect4-32,1.0,-1.0,connect4-32,5,12,1,2,4,8,8,9,0,8,8,11,9,8
-1070892281,Connect4,20,GAME_OVER,41,0,2,4259,connect4-32,-1.0,1.0,connect4-32,5,12,1,1,3,2,7,7,4,7,6,1,1,1
696857808,Connect4,28,GAME_OVER,57,0,2,4260,connect4-32,-1.0,1.0,connect4-32,5,12,5,6,6,6,0,5,4,7,3,4,3,8
840767769,Connect4,28,GAME_OVER,58,1,2,4261,connect4-32,1.0,-1.0,connect4-32,5,12,1,1,4,3,5,2,6,8,11,3,7,7
-579689114,Connect4,21,GAME_OVER,43,0,2,4262,connect4-32,-1.0,1.0,connect4-32,5,12,1,0,2,5,6,4,5,5,5,1,5,4
903876880,Connect4,24,GAME_OVER,50,1,2,4263,connect4-32,1.0,-1.0,connect4-32,5,12,4,1,0,6,6,4,3,0,8,8,7,3
-991941429,Connect4,23,GAME_OVER,48,1,2,4264,connect4-32,1.0,-1.0,connect4-32,5,12,0,1,6,4,3,4,2,1,7,8,6,6
-453430827,Connect4,27,GAME_OVER,56,1,2,4265,connect4-32,1.0,-1.0,connect4-32,5,12,2,3,4,2,6,9,8,3,5,5,4,5
-1058710068,Connect4,24,GAME_OVER,50,1,2,4266,connect4-32,1.0,-1.0,connect4-32,5,12,10,0,3,5,4,5,5,4,5,5,4,0
-810939462,Connect4,10,GAME_OVER,21,0,2,4267,connect4-32,-1.0,1.0,connect4-32,5,12,5,3,0,2,1,1,1,1,2,1,3,1
-1427677949,Connect4,4,GAME_OVER,9,0,2,4268,connect4-32,-1.0,1.0,connect4-32,5,12,0,0,1,2,1,1,1,1,0,1,1,0
655181053,Connect4,28,GAME_OVER,58,1,2,4269,connect4-32,1.0,-1.0,connect4-32,5,12,0,5,7,6,2,6,8,11,1,3,5,4
-1701074097,Connect4,36,GAME_OVER,74,1,2,4270,connect4-32,1.0,-1.0,connect4-32,5,12,1,5,6,10,4,6,9,10,1,8,6,8
2077109956,Connect4,42,GAME_OVER,86,1,2,4271,connect4-32,1.0,-1.0,connect4-32,5,12,6,2,3,12,12,7,4,6,8,8,8,10
-951209095,Connect4,14,GAME_OVER,29,0,2,4272,connect4-32,-1.0,1.0,connect4-32,5,12,2,1,6,4,1,3,5,0,2,0,4,1
-1812811942,Connect4,17,GAME_OVER,36,1,2,4273,connect4-32,1.0,-1.0,connect4-32,5,12,1,0,1,5,1,3,5,7,5,3,3,2
640328778,Connect4,25,GAME_OVER,52,1,2,4274,connect4-32,1.0,-1.0,connect4-32,5,12,0,3,8,4,0,5,8,4,4,7,5,4
-329328708,Connect4,34,GAME_OVER,70,1,2,4275,connect4-32,1.0,-1.0,connect4-32,5,12,5,5,3,6,7,6,6,11,8,1,8,4
-1484887973,Connect4,12,GAME_OVER,26,1,2,4276,connect4-32,1.0,-1.0,connect4-32,5,12,1,1,2,2,0,3,1,6,7,0,2,1
1259388350,Connect4,4,GAME_OVER,9,0,2,4277,connect4-32,-1.0,1.0,connect4-32,5,12,1,1,1,1,1,1,1,0,1,0,1,0
-1889554590,Connect4,23,GAME_OVER,48,1,2,4278,connect4-32,1.0,-1.0,connect4-32,5,12,0,2,2,2,6,5,3,6,8,6,6,2
-612480696,Connect4,21,GAME_OVER,44,1,2,4279,connect4-32,1.0,-1.0,connect4-32,5,12,0,0,3,5,5,6,3,5,6,5,4,2
1677232334,Connect4,24,GAME_OVER,49,0,2,4280,connect4-32,-1.0,1.0,connect4-32,5,12,2,2,2,11,6,3,4,4,4,5,5,1
-717301125,Connect4,40,GAME_OVER,81,0,2,4281,connect4-32,-1.0,1.0,connect4-32,5,12,2,4,4,10,5,6,8,10,7,8,11,6
1813255660,Connect4,20,GAME_OVER,41,0,2,4282,connect4-32,-1.0,1.0,connect4-32,5,12,3,1,2,6,0,5,2,7,4,3,3,5
740939715,Connect4,20,GAME_OVER,41,0,2,4283,connect4-32,-1.0,1.0,connect4-32,5,12,3,0,5,5,7,2,3,7,6,0,2,1
-1857164818,Connect4,5,GAME_OVER,11,0,2,4284,connect4-32,-1.0,1.0,connect4-32,5,12,1,0,1,1,1,2,1,1,1,1,1,0
1331142169,Connect4,32,GAME_OVER,65,0,2,4285,connect4-32,-1.0,1.0,connect4-32,5,12,5,0,9,4,10,4,7,5,2,4,5,10
2075973771,Connect4,48,GAME_OVER,98,1,2,4286,connect4-32,1.0,-1.0,connect4-32,5,12,6,7,9,11,6,4,10,12,4,11,9,9
-223163637,Connect4,5,GAME_OVER,12,1,2,4287,connect4-32,1.0,-1.0,connect4-32,5,12,1,1,0,1,0,0,3,1,1,1,2,1
2112866322,Connect4,7,GAME_OVER,15,0,2,4288,connect4-32,-1.0,1.0,connect4-32,5,12,1,0,1,2,1,1,1,3,1,3,1,0
1545582402,Connect4,4,GAME_OVER,9,0,2,4289,connect4-32,-1.0,1.0,connect4-32,5,12,1,0,1,1,1,1,1,0,0,1,1,1
-2012173795,Connect4,22,GAME_OVER,45,0,2,4290,connect4-32,-1.0,1.0,connect4-32,5,12,7,3,4,7,3,3,4,0,4,2,2,6
1023609240,Connect4,16,GAME_OVER,33,0,2,4291,connect4-32,-1.0,1.0,connect4-32,5,12,1,2,1,5,2,5,5,5,3,0,1,3
932157012,Connect4,41,GAME_OVER,83,0,2,4292,connect4-32,-1.0,1.0,connect4-32,5,12,6,4,2,5,6,7,11,9,10,8,9,6
782163457,Connect4,37,GAME_OVER,76,1,2,4293,connect4-32,1.0,-1.0,connect4-32,5,12,5,4,6,2,7,10,10,9,7,7,2,7
56112344,Connect4,5,GAME_OVER,11,0,2,4294,connect4-32,-1.0,1.0,connect4-32,5,12,1,0,1,1,1,1,2,1,1,1,1,0
-1910972207,Connect4,38,GAME_OVER,77,0,2,4295,connect4-32,-1.0,1.0,connect4-32,5,12,3,2,6,6,5,10,9,4,8,6,9,9
-633421232,Connect4,35,GAME_OVER,71,0,2,4296,connect4-32,-1.0,1.0,connect4-32,5,12,0,8,3,6,8,6,8,6,10,3,10,3
892880427,Connect4,37,GAME_OVER,76,1,2,4297,connect4-32,1.0,-1.0,connect4-32,5,12,1,8,8,7,12,4,3,1,11,8,7,6
-207942225,Connect4,24,GAME_OVER,50,1,2,4298,connect4-32,1.0,-1.0,connect4-32,5,12,6,2,5,4,4,5,5,5,4,3,4,3
2064023194,Connect4,18,GAME_OVER,38,1,2,4299,connect4-32,1.0,-1.0,connect4-32,5,12,0,1,4,3,3,3,6,1,4,5,8,0
1558212650,Connect4,32,GAME_OVER,65,0,2,4300,connect4-32,-1.0,1.0,connect4-32,5,12,7,0,5,4,8,7,6,11,7,4,6,0
548619548,Connect4,12,GAME_OVER,26,1,2,4301,connect4-32,1.0,-1.0,connect4-32,5,12,0,0,0,5,1,3,3,3,5,2,1,3
-1877083654,Connect4,30,GAME_OVER,62,1,2,4302,connect4-32,1.0,-1.0,connect4-32,5,12,5,0,6,10,1,9,5,6,5,3,10,2
-1753812943,Connect4,25,GAME_OVER,52,1,2,4303,connect4-32,1.0,-1.0,connect4-32,5,12,2,1,0,3,5,5,7,7,8,6,7,1
-2043907370,Connect4,52,GAME_OVER,105,0,2,4304,connect4-32,-1.0,1.0,connect4-32,5,12,8,6,5,9,6,12,9,9,10,8,12,11
-1204019545,Connect4,4,GAME_OVER,9,0,2,4305,connect4-32,-1.0,1.0,connect4-32,5,12,0,0,1,1,1,1,1,1,1,1,1,0
-959616171,Connect4,27,GAME_OVER,56,1,2,4306,connect4-32,1.0,-1.0,connect4-32,5,12,5,1,2,6,7,5,1,7,2,8,7,5
-578569670,Connect4,26,GAME_OVER,53,0,2,4307,connect4-32,-1.0,1.0,connect4-32,5,12,3,7,2,8,5,6,1,1,9,7,3,1
-1816984429,Connect4,28,GAME_OVER,57,0,2,4308,connect4-32,-1.0,1.0,connect4-32,5,12,1,7,2,6,3,5,5,6,6,3,9,4
-546296505,Connect4,30,GAME_OVER,61,0,2,4309,connect4-32,-1.0,1.0,connect4-32,5,12,2,0,5,5,10,8,6,9,5,4,4,3
-478587449,Connect4,20,GAME_OVER,42,1,2,4310,connect4-32,1.0,-1.0,connect4-32,5,12,4,4,2,2,5,2,5,6,6,0,6,0
1170431511,Connect4,21,GAME_OVER,44,1,2,4311,connect4-32,1.0,-1.0,connect4-32,5,12,2,6,0,6,0,3,5,5,5,4,5,3
-985332809,Connect4,19,GAME_OVER,39,0,2,4312,connect4-32,-1.0,1.0,connect4-32,5,12,1,2,1,2,3,5,1,4,5,6,4,5
-1794647655,Connect4,24,GAME_OVER,49,0,2,4313,connect4-32,-1.0,1.0,connect4-32,5,12,6,1,3,6,7,3,4,5,3,3,6,2
1769325606,Connect4,13,GAME_OVER,27,0,2,4314,connect4-32,-1.0,1.0,connect4-32,5,12,0,0,0,5,3,4,5,5,3,0,2,0
975855741,Connect4,21,GAME_OVER,43,0,2,4315,connect4-32,-1.0,1.0,connect4-32,5,12,1,2,5,2,1,9,6,4,7,3,3,0
-618874958,Connect4,30,GAME_OVER,62,1,2,4316,connect4-32,1.0,-1.0,connect4-32,5,12,1,5,2,5,4,6,10,4,10,6,9,0
1659114766,Connect4,15,GAME_OVER,32,1,2,4317,connect4-32,1.0,-1.0,connect4-32,5,12,0,0,7,2,5,4,6,1,2,0,5,0
461754042,Connect4,63,GAME_OVER,127,0,2,4318,connect4-32,-1.0,1.0,connect4-32,5,12,11,3,12,12,9,12,12,12,12,12,12,8
-1512200892,Connect4,17,GAME_OVER,35,0,2,4319,connect4-32,-1.0,1.0,connect4-32,5,12,1,0,3,3,0,7,3,2,7,5,3,1
1348428364,Connect4,27,GAME_OVER,56,1,2,4320,connect4-32,1.0,-1.0,connect4-32,5,12,0,3,6,5,10,8,6,6,2,3,5,2
-1838396453,Connect4,21,GAME_OVER,44,1,2,4321,connect4-32,1.0,-1.0,connect4-32,5,12,2,1,6,9,4,3,7,2,0,4,4,2
1412225057,Connect4,11,GAME_OVER,24,1,2,4322,connect4-32,1.0,-1.0,connect4-32,5,12,1,0,5,1,4,2,1,0,3,2,5,0
1722692733,Connect4,18,GAME_OVER,38,1,2,4323,connect4-32,1.0,-1.0,connect4-32,5,12,1,1,6,3,5,3,4,3,5,4,2,1
-430956239,Connect4,6,GAME_OVER,13,0,2,4324,connect4-32,-1.0,1.0,connect4-32,5,12,0,0,2,2,1,1,1,1,1,1,2,1
-2054880715,Connect4,21,GAME_OVER,44,1,2,4325,connect4-32,1.0,-1.0,connect4-32,5,12,1,3,0,4,5,3,4,3,5,6,8,2
2078028913,Connect4,18,GAME_OVER,37,0,2,4326,connect4-32,-1.0,1.0,connect4-32,5,12,2,2,2,8,2,4,0,7,5,1,4,0
-270287671,Connect4,23,GAME_OVER,48,1,2,4327,connect4-32,1.0,-1.0,connect4-32,5,12,0,6,1,3,5,5,1,5,5,6,5,6
-485432402,Connect4,14,GAME_OVER,30,1,2,4328,connect4-32,1.0,-1.0,connect4-32,5,12,0,1,2,5,3,5,3,1,0,7,1,2
1412862138,Connect4,23,GAME_OVER,48,1,2,4329,connect4-32,1.0,-1.0,connect4-32,5,12,3,1,4,9,1,7,0,5,5,6,6,1
1227988643,Connect4,28,GAME_OVER,58,1,2,4330,connect4-32,1.0,-1.0,connect4-32,5,12,2,4,4,9,4,6,7,7,4,7,1,3
-1300470040,Connect4,6,GAME_OVER,14,1,2,4331,connect4-32,1.0,-1.0,connect4-32,5,12,0,0,1,1,2,4,1,1,1,1,2,0
827750589,Connect4,25,GAME_OVER,52,1,2,4332,connect4-32,1.0,-1.0,connect4-32,5,12,5,1,3,5,7,7,4,4,5,4,7,0
1956557874,Connect4,31,GAME_OVER,64,1,2,4333,connect4-32,1.0,-1.0,connect4-32,5,12,6,0,9,6,9,7,2,7,8,0,8,2
-606265298,Connect4,26,GAME_OVER,54,1,2,4334,connect4-32,1.0,-1.0,connect4-32,5,12,1,5,1,7,2,5,5,7,7,4,6,4
-497168752,Connect4,46,GAME_OVER,94,1,2,4335,connect4-32,1.0,-1.0,connect4-32,5,12,5,4,6,6,6,8,9,12,9,12,11,6
-1858012866,Connect4,30,GAME_OVER,61,0,2,4336,connect4-32,-1.0,1.0,connect4-32,5,12,3,5,4,7,7,8,2,3,4,5,5,8
-448863114,Connect4,38,GAME_OVER,78,1,2,4337,connect4-32,1.0,-1.0,connect4-32,5,12,1,4,10,6,1,10,3,8,11,10,9,5
-485798158,Connect4,47,GAME_OVER,95,0,2,4338,connect4-32,-1.0,1.0,connect4-32,5,12,4,4,10,6,12,12,10,9,9,8,9,2
190592127,Connect4,26,GAME_OVER,53,0,2,4339,connect4-32,-1.0,1.0,connect4-32,5,12,5,2,5,6,6,5,5,2,5,5,4,3
98177671,Connect4,20,GAME_OVER,42,1,2,4340,connect4-32,1.0,-1.0,connect4-32,5,12,1,0,5,4,1,5,5,5,5,6,2,3
1818535599,Connect4,25,GAME_OVER,52,1,2,4341,connect4-32,1.0,-1.0,connect4-32,5,12,3,2,0,5,7,7,5,6,3,2,11,1
916129111,Connect4,18,GAME_OVER,38,1,2,4342,connect4-32,1.0,-1.0,connect4-32,5,12,2,1,2,4,4,5,6,7,1,3,3,0
-1984283181,Connect4,19,GAME_OVER,39,0,2,4343,connect4-32,-1.0,1.0,connect4-32,5,12,2,3,0,2,5,6,4,5,4,2,6,0
583988510,Connect4,21,GAME_OVER,43,0,2,4344,connect4-32,-1.0,1.0,connect4-32,5,12,3,1,4,3,5,5,3,5,5,1,3,5
-779596092,Connect4,39,GAME_OVER,79,0,2,4345,connect4-32,-1.0,1.0,connect4-32,5,12,6,8,6,5,6,9,9,8,7,8,4,3
1429469366,Connect4,15,GAME_OVER,32,1,2,4346,connect4-32,1.0,-1.0,connect4-32,5,12,1,0,0,5,3,5,3,3,2,3,4,3
-518728551,Connect4,22,GAME_OVER,46,1,2,4347,connect4-32,1.0,-1.0,connect4-32,5,12,0,1,6,6,5,1,7,4,6,4,6,0
1528032196,Connect4,65,GAME_OVER,132,1,2,4348,connect4-32,1.0,-1.0,connect4-32,5,12,12,12,8,12,12,12,12,4,12,12,12,12
38921229,Connect4,25,GAME_OVER,51,0,2,4349,connect4-32,-1.0,1.0,connect4-32,5,12,4,3,2,3,2,3,8,0,9,11,5,1
2059784695,Connect4,4,GAME_OVER,9,0,2,4350,connect4-32,-1.0,1.0,connect4-32,5,12,1,0,1,1,2,1,1,1,0,0,1,0
1876164003,Connect4,23,GAME_OVER,48,1,2,4351,connect4-32,1.0,-1.0,connect4-32,5,12,0,6,3,6,4,7,4,5,2,2,4,5
-1082401098,Connect4,26,GAME_OVER,53,0,2,4352,connect4-32,-1.0,1.0,connect4-32,5,12,7,1,4,10,3,5,9,5,4,2,3,0
1404771660,Connect4,25,GAME_OVER,51,0,2,4353,connect4-32,-1.0,1.0,connect4-32,5,12,4,0,5,5,3,7,3,7,4,5,5,3
-1051874182,Connect4,17,GAME_OVER,35,0,2,4354,connect4-32,-1.0,1.0,connect4-32,5,12,0,0,2,3,0,5,6,3,5,2,7,2
-2056079459,Connect4,61,GAME_OVER,124,1,2,4355,connect4-32,1.0,-1.0,connect4-32,5,12,12,11,3,12,12,12,12,2,12,12,12,12
204359470,Connect4,20,GAME_OVER,41,0,2,4356,connect4-32,-1.0,1.0,connect4-32,5,12,1,3,2,6,7,5,8,2,0,1,5,1
734046172,Connect4,30,GAME_OVER,62,1,2,4357,connect4-32,1.0,-1.0,connect4-32,5,12,2,0,7,4,5,6,2,9,7,8,4,8
1664753466,Connect4,23,GAME_OVER,48,1,2,4358,connect4-32,1.0,-1.0,connect4-32,5,12,3,1,4,6,7,8,5,1,2,6,4,1
746403682,Connect4,38,GAME_OVER,77,0,2,4359,connect4-32,-1.0,1.0,connect4-32,5,12,3,3,9,11,7,8,8,10,9,1,3,5
-1987422417,Connect4,15,GAME_OVER,31,0,2,4360,connect4-32,-1.0,1.0,connect4-32,5,12,0,1,0,5,0,5,0,4,3,4,3,6
2021928490,Connect4,32,GAME_OVER,65,0,2,4361,connect4-32,-1.0,1.0,connect4-32,5,12,3,4,7,6,8,3,4,8,9,6,6,1
-1851509712,Connect4,11,GAME_OVER,23,0,2,4362,connect4-32,-1.0,1.0,connect4-32,5,12,1,1,2,1,3,5,2,1,2,1,3,1
1464210827,Connect4,36,GAME_OVER,73,0,2,4363,connect4-32,-1.0,1.0,connect4-32,5,12,4,4,2,7,9,12,1,8,9,6,5,6
950950274,Connect4,22,GAME_OVER,45,0,2,4364,connect4-32,-1.0,1.0,connect4-32,5,12,0,2,2,6,7,7,3,5,3,3,4,3
1105449316,Connect4,31,GAME_OVER,64,1,2,4365,connect4-32,1.0,-1.0,connect4-32,5,12,3,2,3,8,9,3,6,6,5,4,11,4
-753536523,Connect4,32,GAME_OVER,65,0,2,4366,connect4-32,-1.0,1.0,connect4-32,5,12,4,5,5,2,6,7,8,3,6,7,7,5
-1253555895,Connect4,19,GAME_OVER,39,0,2,4367,connect4-32,-1.0,1.0,connect4-32,5,12,6,0,1,5,0,10,3,4,1,5,4,0
1640402427,Connect4,30,GAME_OVER,61,0,2,4368,connect4-32,-1.0,1.0,connect4-32,5,12,1,2,1,8,8,9,10,10,6,0,4,2
564333169,Connect4,20,GAME_OVER,42,1,2,4369,connect4-32,1.0,-1.0,connect4-32,5,12,6,1,4,5,5,3,3,6,2,2,3,2
-537044054,Connect4,25,GAME_OVER,52,1,2,4370,connect4-32,1.0,-1.0,connect4-32,5,12,6,0,5,7,7,6,0,6,5,3,1,6
-2144023436,Connect4,26,GAME_OVER,53,0,2,4371,connect4-32,-1.0,1.0,connect4-32,5,12,3,6,3,6,4,7,5,5,5,2,5,2
-1028192768,Connect4,28,GAME_OVER,58,1,2,4372,connect4-32,1.0,-1.0,connect4-32,5,12,2,3,6,7,7,6,2,7,5,7,5,1
2139891232,Connect4,29,GAME_OVER,59,0,2,4373,connect4-32,-1.0,1.0,connect4-32,5,12,2,2,4,4,2,7,6,5,8,9,5,5
-361428197,Connect4,28,GAME_OVER,57,0,2,4374,connect4-32,-1.0,1.0,connect4-32,5,12,6,1,3,7,4,9,6,6,5,1,6,3
-1744247581,Connect4,21,GAME_OVER,44,1,2,4375,connect4-32,1.0,-1.0,connect4-32,5,12,5,2,4,7,6,6,0,0,4,4,6,0
-202881717,Connect4,19,GAME_OVER,40,1,2,4376,connect4-32,1.0,-1.0,connect4-32,5,12,6,0,2,5,4,5,6,0,0,5,7,0
-2119118685,Connect4,15,GAME_OVER,32,1,2,4377,connect4-32,1.0,-1.0,connect4-32,5,12,0,2,1,5,4,4,0,6,3,2,3,2
234473762,Connect4,29,GAME_OVER,59,0,2,4378,connect4-32,-1.0,1.0,connect4-32,5,12,6,0,3,8,7,6,7,4,4,6,2,6
1853460221,Connect4,19,GAME_OVER,39,0,2,4379,connect4-32,-1.0,1.0,connect4-32,5,12,4,2,3,5,4,3,3,3,4,2,5,1
-952718610,Connect4,51,GAME_OVER,103,0,2,4380,connect4-32,-1.0,1.0,connect4-32,5,12,8,5,6,4,11,12,9,10,10,6,12,10
-664574914,Connect4,19,GAME_OVER,40,1,2,4381,connect4-32,1.0,-1.0,connect4-32,5,12,4,0,1,6,7,4,4,3,2,0,6,3
-885602231,Connect4,24,GAME_OVER,49,0,2,4382,connect4-32,-1.0,1.0,connect4-32,5,12,3,0,3,6,6,5,5,6,7,4,1,3
-2134379120,Connect4,25,GAME_OVER,52,1,2,4383,connect4-32,1.0,-1.0,connect4-32,5,12,1,3,4,1,3,8,6,5,8,5,1,7
1451288215,Connect4,5,GAME_OVER,11,0,2,4384,connect4-32,-1.0,1.0,connect4-32,5,12,1,0,1,2,1,1,1,1,0,1,2,0
15331130,Connect4,18,GAME_OVER,37,0,2,4385,connect4-32,-1.0,1.0,connect4-32,5,12,3,0,0,7,3,7,5,6,0,1,1,4
1518888371,Connect4,64,GAME_OVER,129,0,2,4386,connect4-32,-1.0,1.0,connect4-32,5,12,12,12,6,12,12,12,12,3,12,12,12,12
2095735521,Connect4,54,GAME_OVER,109,0,2,4387,connect4-32,-1.0,1.0,connect4-32,5,12,6,7,6,6,12,12,6,10,11,11,12,10
-1672348139,Connect4,35,GAME_OVER,71,0,2,4388,connect4-32,-1.0,1.0,connect4-32,5,12,0,4,6,7,8,6,7,3,10,9,6,5
-1803082464,Connect4,30,GAME_OVER,61,0,2,4389,connect4-32,-1.0,1.0,connect4-32,5,12,6,5,3,7,7,7,6,3,6,5,3,3
-814771141,Connect4,35,GAME_OVER,71,0,2,4390,connect4-32,-1.0,1.0,connect4-32,5,12,7,4,6,7,5,10,3,7,8,6,5,3
153302787,Connect4,22,GAME_OVER,46,1,2,4391,connect4-32,1.0,-1.0,connect4-32,5,12,2,2,4,5,5,4,4,5,4,4,6,1
-35150054,Connect4,4,GAME_OVER,9,0,2,4392,connect4-32,-1.0,1.0,connect4-32,5,12,0,1,1,1,1,1,1,1,1,0,1,0
2055515939,Connect4,12,GAME_OVER,25,0,2,4393,connect4-32,-1.0,1.0,connect4-32,5,12,0,0,0,2,3,2,2,3,2,5,4,2
1848530397,Connect4,28,GAME_OVER,58,1,2,4394,connect4-32,1.0,-1.0,connect4-32,5,12,2,3,6,7,1,9,6,7,0,2,9,6
1826647916,Connect4,34,GAME_OVER,69,0,2,4395,connect4-32,-1.0,1.0,connect4-32,5,12,5,3,7,6,9,9,12,7,1,2,8,0
1520302402,Connect4,22,GAME_OVER,46,1,2,4396,connect4-32,1.0,-1.0,connect4-32,5,12,0,0,5,3,6,6,5,4,3,5,7,2
-827486243,Connect4,33,GAME_OVER,67,0,2,4397,connect4-32,-1.0,1.0,connect4-32,5,12,3,2,11,6,7,6,7,6,9,2,7,1
-983046316,Connect4,16,GAME_OVER,34,1,2,4398,connect4-32,1.0,-1.0,connect4-32,5,12,2,1,2,3,2,5,0,6,3,5,4,1
-732720188,Connect4,24,GAME_OVER,50,1,2,4399,connect4-32,1.0,-1.0,connect4-32,5,12,2,2,4,7,5,5,4,7,6,1,5,2
2111159380,Connect4,11,GAME_OVER,23,0,2,4400,connect4-32,-1.0,1.0,connect4-32,5,12,0,0,5,2,5,1,1,0,2,2,4,1
1767804478,Connect4,10,GAME_OVER,22,1,2,4401,connect4-32,1.0,-1.0,connect4-32,5,12,1,3,1,2,1,3,2,1,0,5,2,1
-1910144507,Connect4,25,GAME_OVER,51,0,2,4402,connect4-32,-1.0,1.0,connect4-32,5,12,0,5,0,7,11,7,1,5,4,1,4,6
1859853312,Connect4,50,GAME_OVER,101,0,2,4403,connect4-32,-1.0,1.0,connect4-32,5,12,5,12,10,6,8,10,9,10,10,5,12,4
905631430,Connect4,13,GAME_OVER,28,1,2,4404,connect4-32,1.0,-1.0,connect4-32,5,12,2,0,2,3,5,5,3,0,2,1,5,0
-834806848,Connect4,29,GAME_OVER,59,0,2,4405,connect4-32,-1.0,1.0,connect4-32,5,12,1,2,2,8,2,5,10,4,8,7,5,5
-1622484965,Connect4,18,GAME_OVER,37,0,2,4406,connect4-32,-1.0,1.0,connect4-32,5,12,1,0,0,3,5,9,6,3,3,3,3,1
1750311855,Connect4,52,GAME_OVER,106,1,2,4407,connect4-32,1.0,-1.0,connect4-32,5,12,9,3,10,10,9,11,9,11,6,12,8,8
-1717264250,Connect4,18,GAME_OVER,38,1,2,4408,connect4-32,1.0,-1.0,connect4-32,5,12,0,0,2,10,8,7,2,4,0,3,1,1
-368416289,Connect4,24,GAME_OVER,50,1,2,4409,connect4-32,1.0,-1.0,connect4-32,5,12,0,1,1,8,1,7,3,7,5,2,7,8
1687400178,Connect4,28,GAME_OVER,57,0,2,4410,connect4-32,-1.0,1.0,connect4-32,5,12,2,2,2,8,8,8,4,5,7,1,6,4
2012774036,Connect4,11,GAME_OVER,24,1,2,4411,connect4-32,1.0,-1.0,connect4-32,5,12,2,1,2,4,2,1,1,1,1,3,4,2
-215867913,Connect4,25,GAME_OVER,52,1,2,4412,connect4-32,1.0,-1.0,connect4-32,5,12,0,1,6,9,4,6,2,7,8,5,4,0
973513416,Connect4,24,GAME_OVER,49,0,2,4413,connect4-32,-1.0,1.0,connect4-32,5,12,0,5,5,3,3,8,5,6,4,6,4,0
-421119048,Connect4,22,GAME_OVER,46,1,2,4414,connect4-32,1.0,-1.0,connect4-32,5,12,1,1,2,8,5,6,6,2,5,4,4,2
165708404,Connect4,27,GAME_OVER,55,0,2,4415,connect4-32,-1.0,1.0,connect4-32,5,12,4,3,4,5,4,7,5,1,5,6,5,6
1868588857,Connect4,4,GAME_OVER,9,0,2,4416,connect4-32,-1.0,1.0,connect4-32,5,12,1,1,1,2,1,1,1,0,0,0,1,0
1871280464,Connect4,30,GAME_OVER,61,0,2,4417,connect4-32,-1.0,1.0,connect4-32,5,12,5,4,5,6,9,7,4,6,3,5,4,3
308029009,Connect4,26,GAME_OVER,53,0,2,4418,connect4-32,-1.0,1.0,connect4-32,5,12,2,1,5,5,4,6,7,8,1,2,4,8
-1952638416,Connect4,23,GAME_OVER,48,1,2,4419,connect4-32,1.0,-1.0,connect4-32,5,12,1,5,3,9,5,4,7,5,0,3,3,3
-1757823059,Connect4,18,GAME_OVER,38,1,2,4420,connect4-32,1.0,-1.0,connect4-32,5,12,0,6,2,3,4,4,6,4,1,6,1,1
1266418727,Connect4,21,GAME_OVER,43,0,2,4421,connect4-32,-1.0,1.0,connect4-32,5,12,1,1,2,3,1,5,4,5,3,8,6,4
807294587,Connect4,40,GAME_OVER,81,0,2,4422,connect4-32,-1.0,1.0,connect4-32,5,12,9,3,9,3,10,10,4,11,5,3,5,9
508491285,Connect4,16,GAME_OVER,34,1,2,4423,connect4-32,1.0,-1.0,connect4-32,5,12,1,0,0,4,6,5,6,3,4,2,3,0
505422264,Connect4,32,GAME_OVER,66,1,2,4424,connect4-32,1.0,-1.0,connect4-32,5,12,4,5,7,7,12,5,1,1,9,7,4,4
-1489430451,Connect4,33,GAME_OVER,68,1,2,4425,connect4-32,1.0,-1.0,connect4-32,5,12,7,4,7,8,5,5,2,6,9,5,7,3
-1924272333,Connect4,28,GAME_OVER,57,0,2,4426,connect4-32,-1.0,1.0,connect4-32,5,12,1,1,4,5,6,11,0,4,5,9,6,5
1910828402,Connect4,49,GAME_OVER,99,0,2,4427,connect4-32,-1.0,1.0,connect4-32,5,12,7,3,8,6,1,10,12,12,12,12,11,5
117326534,Connect4,11,GAME_OVER,24,1,2,4428,connect4-32,1.0,-1.0,connect4-32,5,12,0,0,0,1,1,5,1,5,6,3,2,0
2108135108,Connect4,28,GAME_OVER,58,1,2,4429,connect4-32,1.0,-1.0,connect4-32,5,12,3,1,7,5,7,4,9,4,6,2,7,3
-1225319338,Connect4,18,GAME_OVER,38,1,2,4430,connect4-32,1.0,-1.0,connect4-32,5,12,0,1,4,3,5,0,5,4,5,2,5,4
997123434,Connect4,39,GAME_OVER,79,0,2,4431,connect4-32,-1.0,1.0,connect4-32,5,12,4,2,12,12,8,11,4,5,0,7,6,8
609637265,Connect4,31,GAME_OVER,63,0,2,4432,connect4-32,-1.0,1.0,connect4-32,5,12,1,0,2,6,8,7,3,9,8,8,9,2
1337942406,Connect4,6,GAME_OVER,13,0,2,4433,connect4-32,-1.0,1.0,connect4-32,5,12,0,0,1,2,1,1,1,1,2,0,3,1
598775434,Connect4,12,GAME_OVER,25,0,2,4434,connect4-32,-1.0,1.0,connect4-32,5,12,3,1,0,2,5,5,0,0,4,0,3,2
213373196,Connect4,17,GAME_OVER,35,0,2,4435,connect4-32,-1.0,1.0,connect4-32,5,12,2,1,4,3,0,7,4,3,1,4,1,5
-1420427102,Connect4,16,GAME_OVER,34,1,2,4436,connect4-32,1.0,-1.0,connect4-32,5,12,1,2,2,6,5,6,2,2,2,2,2,2
-1372312647,Connect4,43,GAME_OVER,87,0,2,4437,connect4-32,-1.0,1.0,connect4-32,5,12,1,5,8,10,11,11,12,12,2,5,6,4
1347748190,Connect4,36,GAME_OVER,74,1,2,4438,connect4-32,1.0,-1.0,connect4-32,5,12,3,3,3,9,3,8,11,5,7,6,9,7
452402848,Connect4,27,GAME_OVER,55,0,2,4439,connect4-32,-1.0,1.0,connect4-32,5,12,3,1,6,5,5,6,5,5,8,3,5,3
-687114473,Connect4,18,GAME_OVER,37,0,2,4440,connect4-32,-1.0,1.0,connect4-32,5,12,0,2,5,3,3,3,5,2,3,4,4,3
-1241474784,Connect4,28,GAME_OVER,57,0,2,4441,connect4-32,-1.0,1.0,connect4-32,5,12,4,3,8,9,6,7,8,0,3,5,4,0
1550944175,Connect4,35,GAME_OVER,72,1,2,4442,connect4-32,1.0,-1.0,connect4-32,5,12,2,6,6,6,7,8,8,4,6,11,7,1
513484355,Connect4,22,GAME_OVER,46,1,2,4443,connect4-32,1.0,-1.0,connect4-32,5,12,1,5,2,3,1,6,4,5,4,5,8,2
1499427239,Connect4,18,GAME_OVER,37,0,2,4444,connect4-32,-1.0,1.0,connect4-32,5,12,3,2,2,2,3,4,5,3,3,3,5,2
1245667541,Connect4,34,GAME_OVER,69,0,2,4445,connect4-32,-1.0,1.0,connect4-32,5,12,4,6,6,8,2,8,8,9,4,5,6,3
-690529714,Connect4,12,GAME_OVER,25,0,2,4446,connect4-32,-1.0,1.0,connect4-32,5,12,0,1,1,5,5,1,0,2,2,2,5,1
473132470,Connect4,66,GAME_OVER,134,1,2,4447,connect4-32,1.0,-1.0,connect4-32,5,12,10,12,12,12,12,12,12,4,12,12,12,12
-1087073821,Connect4,24,GAME_OVER,50,1,2,4448,connect4-32,1.0,-1.0,connect4-32,5,12,1,2,1,6,7,0,5,9,6,5,4,4
577201972,Connect4,50,GAME_OVER,102,1,2,4449,connect4-32,1.0,-1.0,connect4-32,5,12,8,6,11,8,4,10,3,11,10,9,10,12
1366553823,Connect4,38,GAME_OVER,78,1,2,4450,connect4-32,1.0,-1.0,connect4-32,5,12,2,3,1,11,8,9,10,4,7,9,10,4
-543500942,Connect4,10,GAME_OVER,22,1,2,4451,connect4-32,1.0,-1.0,connect4-32,5,12,1,1,1,1,2,2,3,2,2,4,3,0
-1404270146,Connect4,19,GAME_OVER,40,1,2,4452,connect4-32,1.0,-1.0,connect4-32,5,12,2,0,5,3,4,5,4,5,4,5,3,0
-337968358,Connect4,9,GAME_OVER,19,0,2,4453,connect4-32,-1.0,1.0,connect4-32,5,12,0,1,1,1,4,2,0,2,2,2,2,2
1198411011,Connect4,51,GAME_OVER,103,0,2,4454,connect4-32,-1.0,1.0,connect4-32,5,12,8,8,8,7,7,11,8,11,12,9,11,3
-605093121,Connect4,39,GAME_OVER,79,0,2,4455,connect4-32,-1.0,1.0,connect4-32,5,12,5,1,4,11,6,7,8,8,11,5,11,2
1587009871,Connect4,29,GAME_OVER,60,1,2,4456,connect4-32,1.0,-1.0,connect4-32,5,12,2,0,4,5,5,6,0,5,9,12,6,6
-1073094065,Connect4,17,GAME_OVER,35,0,2,4457,connect4-32,-1.0,1.0,connect4-32,5,12,0,0,2,1,5,6,3,5,3,5,3,2
264589241,Connect4,22,GAME_OVER,46,1,2,4458,connect4-32,1.0,-1.0,connect4-32,5,12,2,3,7,1,1,3,5,5,7,2,6,4
769891461,Connect4,6,GAME_OVER,14,1,2,4459,connect4-32,1.0,-1.0,connect4-32,5,12,0,1,2,2,1,2,1,1,1,1,1,1
-1214438188,Connect4,67,GAME_OVER,136,1,2,4460,connect4-32,1.0,-1.0,connect4-32,5,12,12,12,12,12,12,12,4,12,12,12,12,12
-1066909376,Connect4,32,GAME_OVER,66,1,2,4461,connect4-32,1.0,-1.0,connect4-32,5,12,2,3,7,6,5,6,7,6,6,6,6,6
-745647871,Connect4,24,GAME_OVER,49,0,2,4462,connect4-32,-1.0,1.0,connect4-32,5,12,4,2,2,6,8,8,6,7,2,1,2,1
-1344984670,Connect4,22,GAME_OVER,45,0,2,4463,connect4-32,-1.0,1.0,connect4-32,5,12,3,1,7,4,2,7,6,3,3,4,4,1
-638490886,Connect4,11,GAME_OVER,23,0,2,4464,connect4-32,-1.0,1.0,connect4-32,5,12,0,0,2,5,2,3,2,4,0,3,1,1
1853188593,Connect4,4,GAME_OVER,9,0,2,4465,connect4-32,-1.0,1.0,connect4-32,5,12,1,0,1,1,1,1,1,1,0,0,1,1
2142785985,Connect4,18,GAME_OVER,38,1,2,4466,connect4-32,1.0,-1.0,connect4-32,5,12,5,1,2,3,2,4,2,4,3,5,4,3
-2132234882,Connect4,11,GAME_OVER,24,1,2,4467,connect4-32,1.0,-1.0,connect4-32,5,12,2,1,0,3,6,2,0,2,1,1,5,1
2022343514,Connect4,33,GAME_OVER,68,1,2,4468,connect4-32,1.0,-1.0,connect4-32,5,12,8,4,5,6,3,6,1,4,10,7,10,4
725003825,Connect4,25,GAME_OVER,52,1,2,4469,connect4-32,1.0,-1.0,connect4-32,5,12,5,5,0,6,2,9,5,4,2,2,7,5
1227046892,Connect4,25,GAME_OVER,51,0,2,4470,connect4-32,-1.0,1.0,connect4-32,5,12,3,1,3,7,5,6,6,6,5,4,5,0
2143440413,Connect4,20,GAME_OVER,42,1,2,4471,connect4-32,1.0,-1.0,connect4-32,5,12,1,5,0,4,2,6,3,4,6,2,4,5
1246362951,Connect4,23,GAME_OVER,47,0,2,4472,connect4-32,-1.0,1.0,connect4-32,5,12,5,0,5,4,5,4,1,7,7,6,3,0
2116768014,Connect4,25,GAME_OVER,51,0,2,4473,connect4-32,-1.0,1.0,connect4-32,5,12,7,1,3,1,7,3,3,4,6,7,6,3
-718760735,Connect4,20,GAME_OVER,42,1,2,4474,connect4-32,1.0,-1.0,connect4-32,5,12,2,0,0,6,4,2,6,5,9,4,4,0
120495348,Connect4,25,GAME_OVER,51,0,2,4475,connect4-32,-1.0,1.0,connect4-32,5,12,3,0,5,5,4,6,5,5,4,1,6,7
-1246374202,Connect4,31,GAME_OVER,64,1,2,4476,connect4-32,1.0,-1.0,connect4-32,5,12,3,5,9,6,8,6,3,3,0,10,9,2
1527845771,Connect4,12,GAME_OVER,26,1,2,4477,connect4-32,1.0,-1.0,connect4-32,5,12,1,1,2,1,6,3,3,1,1,1,5,1
1386542608,Connect4,23,GAME_OVER,48,1,2,4478,connect4-32,1.0,-1.0,connect4-32,5,12,1,1,2,7,0,2,1,6,10,6,4,8
-1933617986,Connect4,22,GAME_OVER,45,0,2,4479,connect4-32,-1.0,1.0,connect4-32,5,12,1,1,2,8,6,6,6,7,0,4,3,1
61987805,Connect4,16,GAME_OVER,34,1,2,4480,connect4-32,1.0,-1.0,connect4-32,5,12,0,5,1,2,5,2,2,3,4,5,2,3
-1894229872,Connect4,31,GAME_OVER,63,0,2,4481,connect4-32,-1.0,1.0,connect4-32,5,12,5,0,2,5,6,2,8,5,6,10,9,5
-1905738781,Connect4,29,GAME_OVER,60,1,2,4482,connect4-32,1.0,-1.0,connect4-32,5,12,7,1,4,6,0,7,8,7,4,6,9,1
-2146066289,Connect4,32,GAME_OVER,65,0,2,4483,connect4-32,-1.0,1.0,connect4-32,5,12,5,3,0,6,8,2,8,8,7,4,5,9
208395792,Connect4,6,GAME_OVER,13,0,2,4484,connect4-32,-1.0,1.0,connect4-32,5,12,0,0,1,2,0,1,1,2,1,4,1,0
-190704607,Connect4,31,GAME_OVER,64,1,2,4485,connect4-32,1.0,-1.0,connect4-32,5,12,4,4,4,7,5,6,7,3,9,8,6,1
1005552346,Connect4,36,GAME_OVER,74,1,2,4486,connect4-32,1.0,-1.0,connect4-32,5,12,6,4,9,6,9,6,6,7,10,5,5,1
849428521,Connect4,38,GAME_OVER,78,1,2,4487,connect4-32,1.0,-1.0,connect4-32,5,12,6,9,4,10,2,6,11,0,6,8,8,8
-204364760,Connect4,26,GAME_OVER,54,1,2,4488,connect4-32,1.0,-1.0,connect4-32,5,12,2,2,9,5,5,5,8,5,1,3,4,5
-1483671086,Connect4,12,GAME_OVER,25,0,2,4489,connect4-32,-1.0,1.0,connect4-32,5,12,2,1,1,2,0,2,5,2,1,2,5,2
-1768084744,Connect4,24,GAME_OVER,49,0,2,4490,connect4-32,-1.0,1.0,connect4-32,5,12,0,4,2,5,4,4,4,4,6,6,7,3
1950162317,Connect4,29,GAME_OVER,59,0,2,4491,connect4-32,-1.0,1.0,connect4-32,5,12,3,7,1,5,5,8,1,7,6,6,5,5
-1022389706,Connect4,30,GAME_OVER,62,1,2,4492,connect4-32,1.0,-1.0,connect4-32,5,12,8,3,7,2,5,9,1,5,7,1,7,7
-2032492934,Connect4,18,GAME_OVER,37,0,2,4493,connect4-32,-1.0,1.0,connect4-32,5,12,0,5,1,5,3,5,3,6,2,2,4,1
448850269,Connect4,19,GAME_OVER,40,1,2,4494,connect4-32,1.0,-1.0,connect4-32,5,12,2,2,2,1,5,4,5,5,5,5,2,2
-1769527339,Connect4,25,GAME_OVER,52,1,2,4495,connect4-32,1.0,-1.0,connect4-32,5,12,2,0,7,7,7,4,4,2,5,5,6,3
1459834326,Connect4,27,GAME_OVER,55,0,2,4496,connect4-32,-1.0,1.0,connect4-32,5,12,4,1,1,5,8,9,4,3,6,5,7,2
563904806,Connect4,27,GAME_OVER,55,0,2,4497,connect4-32,-1.0,1.0,connect4-32,5,12,8,2,5,5,5,6,7,2,4,5,5,1
914706484,Connect4,6,GAME_OVER,13,0,2,4498,connect4-32,-1.0,1.0,connect4-32,5,12,1,0,1,3,1,1,1,1,0,1,2,1
1750763328,Connect4,24,GAME_OVER,50,1,2,4499,connect4-32,1.0,-1.0,connect4-32,5,12,0,7,2,3,2,7,8,3,4,6,3,5
-1736580424,Connect4,34,GAME_OVER,70,1,2,4500,connect4-32,1.0,-1.0,connect4-32,5,12,3,1,6,9,11,10,6,2,6,3,5,8
969158480,Connect4,38,GAME_OVER,77,0,2,4501,connect4-32,-1.0,1.0,connect4-32,5,12,6,2,5,7,8,3,11,8,6,11,9,1
1946054863,Connect4,23,GAME_OVER,48,1,2,4502,connect4-32,1.0,-1.0,connect4-32,5,12,1,0,1,5,3,5,8,6,5,5,6,3
-2119139698,Connect4,17,GAME_OVER,35,0,2,4503,connect4-32,-1.0,1.0,connect4-32,5,12,4,0,1,4,2,3,5,5,1,0,4,6
1726294876,Connect4,21,GAME_OVER,44,1,2,4504,connect4-32,1.0,-1.0,connect4-32,5,12,1,2,4,1,3,7,4,7,4,4,4,3
999880785,Connect4,26,GAME_OVER,54,1,2,4505,connect4-32,1.0,-1.0,connect4-32,5,12,1,4,1,3,4,5,7,6,6,6,10,1
485850127,Connect4,52,GAME_OVER,106,1,2,4506,connect4-32,1.0,-1.0,connect4-32,5,12,4,5,12,12,11,11,10,7,8,10,6,10
-2019717746,Connect4,51,GAME_OVER,103,0,2,4507,connect4-32,-1.0,1.0,connect4-32,5,12,8,11,3,12,9,12,12,6,5,9,12,4
813466140,Connect4,18,GAME_OVER,37,0,2,4508,connect4-32,-1.0,1.0,connect4-32,5,12,1,0,2,4,1,4,6,3,3,8,5,0
191423507,Connect4,23,GAME_OVER,47,0,2,4509,connect4-32,-1.0,1.0,connect4-32,5,12,3,1,1,2,4,6,7,8,6,4,4,1
